fecha,indicativo,nombre,provincia,altitud,tmed,prec,tmin,horatmin,tmax,horatmax,dir,velmedia,racha,horaracha,sol,presMax,horaPresMax,presMin,horaPresMin,hrMedia,hrMax,horaHrMax,hrMin,horaHrMin,idema,nombre_estacion
2022-01-01,3196,"MADRID, CUATRO VIENTOS",MADRID,690,"11,4","0,0","3,7",07:15,"19,0",14:45,35,"0,8","4,7",03:50,"8,4","949,9",10,"947,7",15,60,96,01:00,37,15:00,3196,Cuatro Vientos
2022-01-02,3196,"MADRID, CUATRO VIENTOS",MADRID,690,"10,2","0,0","4,0",Varias,"16,5",15:00,12,"0,3","4,2",16:00,"7,0","950,6",10,"948,0",16,73,91,Varias,51,15:00,3196,Cuatro Vientos
2022-01-03,3196,"MADRID, CUATRO VIENTOS",MADRID,690,"10,0","0,0","4,3",Varias,"15,8",13:50,22,"1,1","5,3",14:40,"7,8","948,7",00,"941,3",24,64,100,Varias,45,07:00,3196,Cuatro Vientos
2022-01-04,3196,"MADRID, CUATRO VIENTOS",MADRID,690,"7,8","6,1","3,6",05:20,"12,0",13:45,26,"2,5","19,2",15:50,"1,0","941,3",00,"930,5",15,85,100,Varias,57,Varias,3196,Cuatro Vientos
2022-01-05,3196,"MADRID, CUATRO VIENTOS",MADRID,690,"6,5","6,1","3,5",23:59,"9,5",13:10,29,"3,6","12,8",00:10,"5,0","939,5",11,"935,4",21,77,98,23:10,48,13:20,3196,Cuatro Vientos
2022-01-06,3196,"MADRID, CUATRO VIENTOS",MADRID,690,"4,4","0,0","-0,6",06:30,"9,5",15:10,14,"0,8","5,6",14:50,"7,9","942,4",24,"936,4",00,79,100,Varias,49,Varias,3196,Cuatro Vientos
2022-01-07,3196,"MADRID, CUATRO VIENTOS",MADRID,690,"5,8","0,0","-0,5",Varias,"12,0",15:20,02,"1,7","6,7",16:20,"8,9","949,6",Varias,"942,3",00,70,94,03:00,51,16:00,3196,Cuatro Vientos
2022-01-08,3196,"MADRID, CUATRO VIENTOS",MADRID,690,"3,7","0,0","-1,2",07:20,"8,6",Varias,23,"1,7","9,7",19:10,"3,7","949,6",00,"943,6",22,82,97,07:50,58,14:10,3196,Cuatro Vientos
2022-01-09,3196,"MADRID, CUATRO VIENTOS",MADRID,690,"9,0","0,0","4,1",00:45,"14,0",12:50,26,"6,1","16,4",11:40,"5,7","944,3",00,"941,0",21,70,85,Varias,59,Varias,3196,Cuatro Vientos
2022-01-10,3196,"MADRID, CUATRO VIENTOS",MADRID,690,"12,0","0,0","7,1",23:59,"17,0",14:10,31,"3,3","12,5",10:10,"8,7","943,5",23,"940,3",03,64,85,Varias,55,Varias,3196,Cuatro Vientos
2022-01-11,3196,"MADRID, CUATRO VIENTOS",MADRID,690,"9,9","0,0","3,3",07:20,"16,5",14:15,99,"0,8","5,6",Varias,"8,8","946,1",Varias,"943,0",01,70,88,08:00,51,Varias,3196,Cuatro Vientos
2022-01-12,3196,"MADRID, CUATRO VIENTOS",MADRID,690,"7,6","0,0","2,8",06:00,"12,5",14:50,99,"1,4","8,9",Varias,"8,9","949,5",Varias,"946,0",04,55,95,06:30,24,15:50,3196,Cuatro Vientos
2022-01-13,3196,"MADRID, CUATRO VIENTOS",MADRID,690,"5,4","0,0","1,0",07:40,"9,7",15:20,08,"1,9","6,1",11:30,"7,0","952,3",10,"949,5",00,65,77,Varias,55,09:30,3196,Cuatro Vientos
2022-01-14,3196,"MADRID, CUATRO VIENTOS",MADRID,690,"4,2","0,0","-0,6",05:10,"9,0",14:40,09,"1,9","7,2",14:00,"8,9","952,3",Varias,"948,9",Varias,65,87,08:00,47,Varias,3196,Cuatro Vientos
2022-01-15,3196,"MADRID, CUATRO VIENTOS",MADRID,690,"4,3","0,0","-1,4",06:40,"10,0",Varias,23,"1,4","4,7",14:40,"8,7","948,9",00,"945,8",15,70,91,23:59,55,14:30,3196,Cuatro Vientos
2022-01-16,3196,"MADRID, CUATRO VIENTOS",MADRID,690,"4,4","0,0","-1,5",Varias,"10,4",15:45,12,"0,8","3,6",12:50,"7,9","951,6",24,"946,4",00,71,93,Varias,45,15:00,3196,Cuatro Vientos
2022-01-17,3196,"MADRID, CUATRO VIENTOS",MADRID,690,"5,5","0,0","-1,0",06:45,"12,0",15:15,99,"0,0","3,6",Varias,"8,3","953,1",10,"949,0",18,66,94,06:30,37,15:10,3196,Cuatro Vientos
2022-01-18,3196,"MADRID, CUATRO VIENTOS",MADRID,690,"6,6","0,0","-0,9",05:00,"14,0",15:10,35,"1,1","3,6",07:20,"9,0","950,5",10,"948,0",15,58,90,04:00,36,15:30,3196,Cuatro Vientos
2022-01-19,3196,"MADRID, CUATRO VIENTOS",MADRID,690,"6,7","0,0","-0,8",06:45,"14,2",15:15,26,"1,7","4,7",19:30,"9,1","950,5",11,"947,5",15,46,68,Varias,28,15:00,3196,Cuatro Vientos
2022-01-20,3196,"MADRID, CUATRO VIENTOS",MADRID,690,"6,9","0,0","0,2",07:20,"13,6",14:05,99,"1,1","6,7",Varias,"9,1","948,6",10,"944,5",16,59,74,07:00,40,15:20,3196,Cuatro Vientos
2022-01-21,3196,"MADRID, CUATRO VIENTOS",MADRID,690,"5,0","0,0","0,0",05:10,"10,0",14:30,06,"0,8","6,7",15:30,"8,4","946,6",24,"943,3",16,66,94,07:00,40,16:00,3196,Cuatro Vientos
2022-01-22,3196,"MADRID, CUATRO VIENTOS",MADRID,690,"5,4","0,0","0,0",Varias,"10,8",15:10,03,"1,4","4,7",00:10,"8,1","949,0",10,"946,1",17,64,86,23:59,50,00:10,3196,Cuatro Vientos
2022-01-23,3196,"MADRID, CUATRO VIENTOS",MADRID,690,"5,4","0,0","0,9",02:45,"9,9",15:30,36,"1,7","5,3",11:30,"4,0","947,1",10,"944,0",15,72,87,Varias,65,Varias,3196,Cuatro Vientos
2022-01-24,3196,"MADRID, CUATRO VIENTOS",MADRID,690,"5,7","0,0","2,8",04:30,"8,6",15:00,03,"1,9","6,1",03:40,"0,0","949,0",24,"945,0",03,71,96,05:30,54,15:00,3196,Cuatro Vientos
2022-01-25,3196,"MADRID, CUATRO VIENTOS",MADRID,690,"7,6","0,0","5,0",23:59,"10,2",Varias,11,"1,7","7,8",13:10,"1,6","950,8",Varias,"948,6",Varias,68,72,Varias,62,17:00,3196,Cuatro Vientos
2022-01-26,3196,"MADRID, CUATRO VIENTOS",MADRID,690,"6,1","0,0","1,4",06:00,"10,8",Varias,99,"2,2","7,8",Varias,"8,0","949,5",00,"947,0",14,70,87,18:20,51,12:50,3196,Cuatro Vientos
2022-01-27,3196,"MADRID, CUATRO VIENTOS",MADRID,690,"7,5","0,0","1,0",07:30,"14,0",15:30,10,"0,8","6,7",14:00,"8,9","949,1",10,"946,7",15,56,81,08:00,27,15:50,3196,Cuatro Vientos
2022-01-28,3196,"MADRID, CUATRO VIENTOS",MADRID,690,"8,1","0,0","0,7",07:30,"15,5",14:50,09,"1,7","6,1",13:00,"9,4","951,7",24,"948,8",01,41,63,05:30,23,14:00,3196,Cuatro Vientos
2022-01-29,3196,"MADRID, CUATRO VIENTOS",MADRID,690,"8,4","0,0","0,2",07:30,"16,7",Varias,04,"1,7","5,6",12:30,"9,5","953,6",10,"950,8",17,35,53,Varias,21,Varias,3196,Cuatro Vientos
2022-01-30,3196,"MADRID, CUATRO VIENTOS",MADRID,690,"9,4","0,0","1,2",06:30,"17,6",15:00,99,"1,1","4,2",Varias,"8,9","951,2",00,"946,0",17,31,49,06:00,17,15:00,3196,Cuatro Vientos
2022-01-31,3196,"MADRID, CUATRO VIENTOS",MADRID,690,"9,6","0,0","1,0",04:20,"18,2",15:10,36,"1,1","9,2",23:20,"9,1","948,4",23,"944,9",16,43,64,Varias,26,Varias,3196,Cuatro Vientos
2022-02-01,3196,"MADRID, CUATRO VIENTOS",MADRID,690,"10,1","0,0","2,4",06:40,"17,8",13:30,02,"4,7","15,6",12:50,"9,5","949,8",22,"945,6",14,55,74,07:00,40,Varias,3196,Cuatro Vientos
2022-02-02,3196,"MADRID, CUATRO VIENTOS",MADRID,690,"11,8","0,0","3,1",07:00,"20,5",15:30,08,"1,7","5,3",00:10,"9,5","949,6",01,"944,4",24,58,89,Varias,34,16:00,3196,Cuatro Vientos
2022-02-03,3196,"MADRID, CUATRO VIENTOS",MADRID,690,"10,4","0,0","2,8",05:10,"17,9",13:50,23,"1,7","6,7",18:10,"7,0","944,5",00,"941,2",17,59,80,04:30,42,15:20,3196,Cuatro Vientos
2022-02-04,3196,"MADRID, CUATRO VIENTOS",MADRID,690,"9,4","0,0","4,7",07:30,"14,0",15:10,19,"0,6","5,6",14:40,"2,4","943,0",11,"940,5",15,75,91,07:10,51,16:50,3196,Cuatro Vientos
2022-02-05,3196,"MADRID, CUATRO VIENTOS",MADRID,690,"10,5","0,0","6,0",Varias,"15,0",14:20,03,"1,9","10,8",10:50,"8,2","946,5",24,"942,6",00,61,83,01:00,48,15:00,3196,Cuatro Vientos
2022-02-06,3196,"MADRID, CUATRO VIENTOS",MADRID,690,"8,8","0,0","2,2",07:50,"15,5",16:15,99,"1,1","5,6",Varias,"9,3","949,4",Varias,"946,3",04,52,70,23:59,40,12:00,3196,Cuatro Vientos
2022-02-07,3196,"MADRID, CUATRO VIENTOS",MADRID,690,"10,2","0,0","2,0",06:00,"18,5",15:50,05,"1,4","7,2",22:40,"9,8","949,9",09,"946,0",16,45,75,02:00,29,13:00,3196,Cuatro Vientos
2022-02-08,3196,"MADRID, CUATRO VIENTOS",MADRID,690,"11,4","0,0","4,0",04:30,"18,7",16:10,08,"1,9","7,2",11:00,"9,9","950,7",11,"947,7",17,53,68,05:00,44,13:00,3196,Cuatro Vientos
2022-02-09,3196,"MADRID, CUATRO VIENTOS",MADRID,690,"9,2","0,0","3,0",07:20,"15,4",14:40,14,"1,7","5,6",14:40,"9,6","950,5",11,"947,6",17,61,80,07:00,40,15:00,3196,Cuatro Vientos
2022-02-10,3196,"MADRID, CUATRO VIENTOS",MADRID,690,"9,4","0,0","2,5",07:10,"16,4",Varias,17,"0,8","5,6",13:40,"8,6","948,8",09,"945,4",16,63,87,07:00,42,14:30,3196,Cuatro Vientos
2022-02-11,3196,"MADRID, CUATRO VIENTOS",MADRID,690,"10,6","0,0","4,0",07:30,"17,2",15:40,06,"0,8","4,7",18:30,"8,0","946,8",09,"943,8",16,61,89,06:30,37,15:50,3196,Cuatro Vientos
2022-02-12,3196,"MADRID, CUATRO VIENTOS",MADRID,690,"10,0","0,0","4,5",06:30,"15,5",14:50,99,"1,7","5,6",Varias,"6,7","944,6",00,"941,4",17,62,90,06:15,39,14:10,3196,Cuatro Vientos
2022-02-13,3196,"MADRID, CUATRO VIENTOS",MADRID,690,"9,2","0,7","4,5",04:30,"14,0",12:20,22,"5,6","13,3",13:20,"4,8","942,7",00,"936,6",17,73,96,23:59,56,14:00,3196,Cuatro Vientos
2022-02-14,3196,"MADRID, CUATRO VIENTOS",MADRID,690,"8,6","0,0","4,5",Varias,"12,6",15:50,99,"5,6","12,8",Varias,"9,4","944,1",24,"935,7",02,61,100,Varias,37,Varias,3196,Cuatro Vientos
2022-02-15,3196,"MADRID, CUATRO VIENTOS",MADRID,690,"7,7","0,0","1,9",06:00,"13,5",14:50,23,"3,1","8,9",14:30,"8,5","947,8",11,"944,1",00,56,86,06:30,32,13:15,3196,Cuatro Vientos
2022-02-16,3196,"MADRID, CUATRO VIENTOS",MADRID,690,"10,0","0,0","3,5",06:20,"16,5",14:50,26,"3,3","8,9",13:40,"7,5","948,5",09,"946,3",15,67,84,23:59,56,15:00,3196,Cuatro Vientos
2022-02-17,3196,"MADRID, CUATRO VIENTOS",MADRID,690,"10,7","0,0","3,0",05:45,"18,4",15:50,99,"0,3","4,2",Varias,"9,6","948,4",Varias,"942,3",24,67,97,Varias,51,Varias,3196,Cuatro Vientos
2022-02-18,3196,"MADRID, CUATRO VIENTOS",MADRID,690,"11,8","0,0","4,5",07:10,"19,0",15:40,23,"1,4","7,2",14:50,"9,7","942,3",00,"936,1",16,70,96,Varias,42,15:00,3196,Cuatro Vientos
2022-02-19,3196,"MADRID, CUATRO VIENTOS",MADRID,690,"9,8","0,0","5,8",23:59,"13,9",14:50,02,"3,6","11,4",11:10,"3,9","947,0",24,"937,3",00,53,75,00:00,39,17:30,3196,Cuatro Vientos
2022-02-20,3196,"MADRID, CUATRO VIENTOS",MADRID,690,"8,0","0,0","0,0",07:10,"16,0",16:10,08,"1,4","6,1",15:20,"10,3","950,0",11,"946,9",16,55,80,07:30,33,16:30,3196,Cuatro Vientos
2022-02-21,3196,"MADRID, CUATRO VIENTOS",MADRID,690,"11,0","0,0","3,0",06:30,"19,0",16:10,01,"1,4","8,9",19:40,"10,4","949,7",24,"945,9",01,49,81,06:00,24,23:00,3196,Cuatro Vientos
2022-02-22,3196,"MADRID, CUATRO VIENTOS",MADRID,690,"11,8","0,0","3,2",07:15,"20,5",Varias,99,"1,7","6,1",Varias,"10,4","950,0",09,"946,0",17,31,45,22:00,20,15:00,3196,Cuatro Vientos
2022-02-23,3196,"MADRID, CUATRO VIENTOS",MADRID,690,"12,2","0,0","5,0",Varias,"19,3",16:10,07,"1,4","5,6",13:30,"7,6","946,9",00,"940,3",20,35,55,06:00,24,Varias,3196,Cuatro Vientos
2022-02-24,3196,"MADRID, CUATRO VIENTOS",MADRID,690,"10,7","0,0","4,8",07:40,"16,6",15:50,03,"0,8","8,9",23:40,"2,4","942,3",10,"939,1",16,47,57,Varias,36,15:00,3196,Cuatro Vientos
2022-02-25,3196,"MADRID, CUATRO VIENTOS",MADRID,690,"8,8","4,6","6,5",10:00,"11,2",00:00,03,"2,8","8,9",00:20,"0,0","944,8",10,"941,5",01,78,93,12:00,58,00:00,3196,Cuatro Vientos
2022-02-26,3196,"MADRID, CUATRO VIENTOS",MADRID,690,"8,1","0,7","6,7",Varias,"9,5",Varias,99,"2,8","7,2",Varias,"0,0","942,7",00,"939,8",17,89,95,08:00,75,00:00,3196,Cuatro Vientos
2022-02-27,3196,"MADRID, CUATRO VIENTOS",MADRID,690,"10,8","0,1","6,5",03:30,"15,0",16:20,09,"1,4","6,1",02:30,"6,0","943,5",24,"941,2",15,70,93,03:00,49,15:00,3196,Cuatro Vientos
2022-02-28,3196,"MADRID, CUATRO VIENTOS",MADRID,690,"11,2","0,0","5,0",06:30,"17,4",15:40,21,"2,2","7,8",15:10,"10,4","947,0",10,"943,5",00,67,95,Varias,48,17:00,3196,Cuatro Vientos
2022-03-01,3196,"MADRID, CUATRO VIENTOS",MADRID,690,"11,0","0,0","3,7",06:40,"18,3",14:30,18,"2,2","8,9",15:00,"9,2","946,5",09,"942,9",24,60,91,06:00,40,16:00,3196,Cuatro Vientos
2022-03-02,3196,"MADRID, CUATRO VIENTOS",MADRID,690,"11,4","0,0","6,5",05:45,"16,4",13:30,23,"3,9","10,8",13:20,"9,2","943,1",09,"940,9",16,62,89,07:00,44,16:00,3196,Cuatro Vientos
2022-03-03,3196,"MADRID, CUATRO VIENTOS",MADRID,690,"8,0","12,0","6,2",Varias,"9,7",00:00,01,"1,1","9,7",22:00,"0,0","941,5",00,"932,3",19,94,100,Varias,66,01:00,3196,Cuatro Vientos
2022-03-04,3196,"MADRID, CUATRO VIENTOS",MADRID,690,"9,6","0,0","5,2",Varias,"14,0",13:30,01,"1,9","10,8",04:10,"4,2","939,7",21,"934,1",00,60,77,00:00,48,14:00,3196,Cuatro Vientos
2022-03-05,3196,"MADRID, CUATRO VIENTOS",MADRID,690,"7,4","0,0","2,3",Varias,"12,5",14:15,05,"1,1","8,3",23:50,"8,2","939,2",00,"933,9",17,58,83,06:00,40,15:00,3196,Cuatro Vientos
2022-03-06,3196,"MADRID, CUATRO VIENTOS",MADRID,690,"7,8","9,2","3,2",06:30,"12,5",13:50,03,"2,8","9,2",02:00,"7,5","935,0",23,"932,5",15,58,100,Varias,40,15:00,3196,Cuatro Vientos
2022-03-07,3196,"MADRID, CUATRO VIENTOS",MADRID,690,"7,8","0,3","3,7",Varias,"11,9",13:15,16,"2,8","12,8",14:50,"2,9","934,9",00,"931,8",16,81,100,Varias,53,14:00,3196,Cuatro Vientos
2022-03-08,3196,"MADRID, CUATRO VIENTOS",MADRID,690,"9,1","0,0","5,2",07:30,"13,0",15:20,23,"4,2","10,8",09:00,"6,8","940,4",24,"933,7",03,68,92,02:00,57,16:00,3196,Cuatro Vientos
2022-03-09,3196,"MADRID, CUATRO VIENTOS",MADRID,690,"8,0",Ip,"2,5",05:30,"13,6",12:20,17,"1,9","6,7",11:50,"4,2","941,9",09,"939,3",16,71,92,Varias,58,14:00,3196,Cuatro Vientos
2022-03-10,3196,"MADRID, CUATRO VIENTOS",MADRID,690,"11,3",Ip,"7,0",Varias,"15,6",15:10,22,"3,9","10,8",Varias,"6,3","941,2",Varias,"935,8",24,69,89,Varias,50,15:00,3196,Cuatro Vientos
2022-03-11,3196,"MADRID, CUATRO VIENTOS",MADRID,690,"9,8","5,4","6,6",23:59,"12,9",13:40,18,"4,7","11,4",06:20,"1,0","935,8",00,"932,9",14,85,100,10:00,63,14:45,3196,Cuatro Vientos
2022-03-12,3196,"MADRID, CUATRO VIENTOS",MADRID,690,"8,5","10,3","3,5",07:20,"13,5",14:45,22,"5,3","13,9",16:00,"8,6","937,4",10,"932,7",24,67,100,23:59,56,Varias,3196,Cuatro Vientos
2022-03-13,3196,"MADRID, CUATRO VIENTOS",MADRID,690,"9,2","0,6","4,5",06:00,"13,8",15:00,27,"2,5","13,3",02:20,"8,7","935,9",10,"931,9",01,59,100,00:00,34,13:00,3196,Cuatro Vientos
2022-03-14,3196,"MADRID, CUATRO VIENTOS",MADRID,690,"9,4","19,3","5,2",Varias,"13,5",17:10,13,"5,0","15,6",17:30,"0,0","934,0",00,"927,5",16,85,97,Varias,62,01:45,3196,Cuatro Vientos
2022-03-15,3196,"MADRID, CUATRO VIENTOS",MADRID,690,"13,8","0,0","11,2",00:00,"16,4",15:30,04,"2,5","8,3",00:40,"0,0","937,8",22,"932,3",00,61,86,00:00,53,Varias,3196,Cuatro Vientos
2022-03-16,3196,"MADRID, CUATRO VIENTOS",MADRID,690,"13,0","0,1","11,0",07:30,"15,1",13:30,03,"2,2","13,3",22:50,"0,0","938,3",24,"934,8",15,63,73,Varias,54,Varias,3196,Cuatro Vientos
2022-03-17,3196,"MADRID, CUATRO VIENTOS",MADRID,690,"10,8","0,5","8,9",07:30,"12,8",15:30,08,"4,4","13,9",00:40,"0,0","943,9",24,"937,9",01,64,75,08:00,53,16:00,3196,Cuatro Vientos
2022-03-18,3196,"MADRID, CUATRO VIENTOS",MADRID,690,"11,2","0,0","7,6",Varias,"14,8",14:50,04,"3,3","9,7",08:20,"1,9","945,0",Varias,"943,0",15,62,73,06:00,51,16:00,3196,Cuatro Vientos
2022-03-19,3196,"MADRID, CUATRO VIENTOS",MADRID,690,"10,1","0,0","7,0",Varias,"13,2",Varias,10,"1,4","7,8",21:00,"0,3","944,8",10,"942,3",19,67,90,23:00,50,16:00,3196,Cuatro Vientos
2022-03-20,3196,"MADRID, CUATRO VIENTOS",MADRID,690,"11,4","8,9","8,6",Varias,"14,2",16:15,09,"4,7","15,0",16:40,"0,1","943,4",00,"938,9",16,68,86,00:00,53,16:40,3196,Cuatro Vientos
2022-03-21,3196,"MADRID, CUATRO VIENTOS",MADRID,690,"10,6","13,5","6,5",07:15,"14,7",Varias,11,"2,8","12,8",16:00,"1,9","940,8",Varias,"937,9",16,89,100,Varias,61,15:00,3196,Cuatro Vientos
2022-03-22,3196,"MADRID, CUATRO VIENTOS",MADRID,690,"9,7","0,5","7,5",Varias,"11,9",14:50,09,"5,8","13,3",15:30,"0,0","942,9",22,"939,8",04,82,99,06:30,68,16:30,3196,Cuatro Vientos
2022-03-23,3196,"MADRID, CUATRO VIENTOS",MADRID,690,"9,1","0,9","6,3",02:45,"11,9",12:45,02,"3,6","9,7",23:30,"0,0","942,7",00,"938,9",16,75,94,03:00,65,13:00,3196,Cuatro Vientos
2022-03-24,3196,"MADRID, CUATRO VIENTOS",MADRID,690,"9,0","4,2","6,9",02:30,"11,2",17:30,03,"3,9","10,3",Varias,"0,0","939,9",00,"938,0",15,84,97,Varias,74,06:00,3196,Cuatro Vientos
2022-03-25,3196,"MADRID, CUATRO VIENTOS",MADRID,690,"10,6","2,1","8,0",05:30,"13,1",14:10,01,"2,8","8,3",11:30,"0,0","939,5",00,"936,0",16,86,97,Varias,75,15:00,3196,Cuatro Vientos
2022-03-26,3196,"MADRID, CUATRO VIENTOS",MADRID,690,"10,3","0,2","7,6",Varias,"13,0",Varias,01,"1,7","7,8",00:10,"0,0","941,5",Varias,"937,2",Varias,78,96,23:59,69,14:00,3196,Cuatro Vientos
2022-03-27,3196,"MADRID, CUATRO VIENTOS",MADRID,690,"11,2","0,0","8,2",06:00,"14,2",16:00,09,"1,9","7,8",13:30,"1,2","944,4",23,"941,2",00,76,97,Varias,54,16:10,3196,Cuatro Vientos
2022-03-28,3196,"MADRID, CUATRO VIENTOS",MADRID,690,"12,0","0,1","7,2",04:45,"16,9",16:20,09,"1,9","8,9",09:40,"6,8","944,3",00,"935,7",24,66,94,03:00,56,10:00,3196,Cuatro Vientos
2022-03-29,3196,"MADRID, CUATRO VIENTOS",MADRID,690,"13,1","20,7","9,0",Varias,"17,2",12:15,10,"1,7","7,8",05:40,"2,8","936,2",00,"926,4",Varias,71,100,Varias,50,12:30,3196,Cuatro Vientos
2022-03-30,3196,"MADRID, CUATRO VIENTOS",MADRID,690,"10,1","3,5","7,8",Varias,"12,4",15:50,27,"1,9","7,2",20:40,"0,2","927,2",23,"924,0",Varias,80,100,00:00,61,Varias,3196,Cuatro Vientos
2022-03-31,3196,"MADRID, CUATRO VIENTOS",MADRID,690,"9,8","1,8","5,9",Varias,"13,6",14:05,25,"3,1","12,5",15:10,"3,7","929,5",24,"926,3",16,62,100,22:00,40,14:15,3196,Cuatro Vientos
2022-04-01,3196,"MADRID, CUATRO VIENTOS",MADRID,690,"7,2","0,0","3,5",23:59,"10,9",14:50,01,"2,8","11,9",10:10,"10,0","938,5",24,"929,5",00,45,100,Varias,26,11:30,3196,Cuatro Vientos
2022-04-02,3196,"MADRID, CUATRO VIENTOS",MADRID,690,"5,4","0,0","0,0",05:30,"10,9",15:30,35,"3,3","10,8",15:50,"10,9","939,7",10,"937,0",16,43,69,05:00,35,Varias,3196,Cuatro Vientos
2022-04-03,3196,"MADRID, CUATRO VIENTOS",MADRID,690,"5,6","0,0","-0,4",05:50,"11,5",15:40,99,"3,6","11,4",Varias,"10,9","938,1",00,"932,8",Varias,46,74,07:00,25,Varias,3196,Cuatro Vientos
2022-04-04,3196,"MADRID, CUATRO VIENTOS",MADRID,690,"6,6","0,0","0,3",06:00,"13,0",14:20,03,"4,2","11,9",00:10,"6,9","936,6",01,"932,1",17,48,67,21:00,30,Varias,3196,Cuatro Vientos
2022-04-05,3196,"MADRID, CUATRO VIENTOS",MADRID,690,"7,3","0,0","3,8",Varias,"10,8",14:50,99,"3,3","8,3",Varias,"0,1","935,5",10,"932,6",16,58,91,23:59,45,Varias,3196,Cuatro Vientos
2022-04-06,3196,"MADRID, CUATRO VIENTOS",MADRID,690,"10,1","0,0","3,1",Varias,"17,1",15:00,21,"3,9","10,3",15:50,"8,4","939,0",24,"933,5",03,67,96,03:00,40,15:00,3196,Cuatro Vientos
2022-04-07,3196,"MADRID, CUATRO VIENTOS",MADRID,690,"13,1","0,0","6,6",Varias,"19,6",15:15,22,"5,8","10,8",14:00,"10,5","941,1",22,"938,6",16,60,86,06:00,40,Varias,3196,Cuatro Vientos
2022-04-08,3196,"MADRID, CUATRO VIENTOS",MADRID,690,"11,1",Ip,"5,9",06:15,"16,3",15:30,22,"5,8","13,9",13:30,"7,2","940,7",00,"937,5",16,72,97,06:00,49,16:10,3196,Cuatro Vientos
2022-04-09,3196,"MADRID, CUATRO VIENTOS",MADRID,690,"13,2","0,0","8,5",05:30,"17,8",14:30,99,"3,9","8,9",Varias,"2,8","938,9",11,"936,9",16,78,96,Varias,55,17:10,3196,Cuatro Vientos
2022-04-10,3196,"MADRID, CUATRO VIENTOS",MADRID,690,"16,0","0,0","9,1",02:30,"23,0",14:30,14,"4,2","13,3",20:00,"9,6","938,1",00,"930,8",18,61,97,Varias,40,Varias,3196,Cuatro Vientos
2022-04-11,3196,"MADRID, CUATRO VIENTOS",MADRID,690,"15,6","3,5","8,6",03:15,"22,7",15:20,23,"3,9","15,6",19:50,"8,2","931,5",00,"925,4",17,56,100,23:59,38,16:00,3196,Cuatro Vientos
2022-04-12,3196,"MADRID, CUATRO VIENTOS",MADRID,690,"11,3","1,9","6,6",05:10,"16,0",13:30,23,"1,9","11,4",15:40,"5,1","932,6",22,"929,5",03,76,100,Varias,47,15:30,3196,Cuatro Vientos
2022-04-13,3196,"MADRID, CUATRO VIENTOS",MADRID,690,"12,6",Ip,"5,8",05:30,"19,5",14:30,36,"3,1","8,3",18:00,"8,7","937,4",24,"932,2",01,59,97,02:00,40,15:00,3196,Cuatro Vientos
2022-04-14,3196,"MADRID, CUATRO VIENTOS",MADRID,690,"15,5","0,0","9,2",05:50,"21,8",Varias,99,"2,8","9,2",Varias,"11,4","941,1",24,"936,7",03,57,80,06:00,42,14:00,3196,Cuatro Vientos
2022-04-15,3196,"MADRID, CUATRO VIENTOS",MADRID,690,"16,8","0,0","9,5",06:00,"24,2",15:55,26,"1,7","6,1",21:10,"11,6","943,5",10,"940,9",02,53,86,06:00,30,15:00,3196,Cuatro Vientos
2022-04-16,3196,"MADRID, CUATRO VIENTOS",MADRID,690,"18,8","0,0","11,2",05:30,"26,5",14:30,27,"2,5","10,8",16:30,"12,2","943,0",07,"939,2",16,44,72,06:00,27,16:20,3196,Cuatro Vientos
2022-04-17,3196,"MADRID, CUATRO VIENTOS",MADRID,690,"18,3","0,0","10,6",05:50,"26,0",14:30,27,"1,1","5,6",19:20,"10,2","940,3",07,"936,0",18,44,73,06:00,23,17:30,3196,Cuatro Vientos
2022-04-18,3196,"MADRID, CUATRO VIENTOS",MADRID,690,"18,7","0,0","11,9",06:15,"25,5",15:20,21,"3,3","8,9",14:10,"12,1","937,4",00,"931,5",19,38,57,06:00,30,17:00,3196,Cuatro Vientos
2022-04-19,3196,"MADRID, CUATRO VIENTOS",MADRID,690,"12,8","15,3","6,1",23:59,"19,6",13:20,26,"3,6","11,4",13:30,"8,9","932,3",00,"927,9",24,56,93,Varias,44,Varias,3196,Cuatro Vientos
2022-04-20,3196,"MADRID, CUATRO VIENTOS",MADRID,690,"9,0","0,6","4,3",06:40,"13,7",14:30,35,"4,7","14,4",11:20,"4,9","931,3",22,"925,6",04,62,97,07:30,40,15:00,3196,Cuatro Vientos
2022-04-21,3196,"MADRID, CUATRO VIENTOS",MADRID,690,"11,0","1,9","5,0",05:30,"17,0",14:45,19,"3,3","10,3",18:00,"12,4","930,9",00,"925,6",24,52,69,06:00,41,Varias,3196,Cuatro Vientos
2022-04-22,3196,"MADRID, CUATRO VIENTOS",MADRID,690,"8,3","24,3","6,1",Varias,"10,5",Varias,19,"4,2","12,8",14:30,"0,0","925,6",00,"918,3",24,96,97,Varias,67,00:00,3196,Cuatro Vientos
2022-04-23,3196,"MADRID, CUATRO VIENTOS",MADRID,690,"8,6","2,3","4,6",05:30,"12,6",16:20,23,"6,9","16,9",11:30,"6,2","931,7",24,"918,7",Varias,82,98,Varias,49,08:00,3196,Cuatro Vientos
2022-04-24,3196,"MADRID, CUATRO VIENTOS",MADRID,690,"10,6","0,0","3,7",05:30,"17,4",15:30,20,"3,3","9,2",13:50,"11,9","934,4",21,"931,6",02,59,94,06:00,35,15:40,3196,Cuatro Vientos
2022-04-25,3196,"MADRID, CUATRO VIENTOS",MADRID,690,"13,6","0,0","7,1",05:30,"20,1",15:30,99,"1,9","6,7",Varias,"12,4","934,4",10,"932,2",Varias,56,82,05:00,29,16:20,3196,Cuatro Vientos
2022-04-26,3196,"MADRID, CUATRO VIENTOS",MADRID,690,"16,0","9,0","10,5",05:30,"21,6",13:30,14,"2,2","13,9",15:20,"7,2","935,4",Varias,"932,6",02,67,,,,,3196,Cuatro Vientos
2022-04-27,3196,"MADRID, CUATRO VIENTOS",MADRID,690,"14,0","15,0","10,5",06:00,"17,5",Varias,28,"1,4","10,8",15:58,"4,3","938,8",24,"935,3",00,77,100,Varias,46,15:00,3196,Cuatro Vientos
2022-04-28,3196,"MADRID, CUATRO VIENTOS",MADRID,690,"13,0","1,3","8,6",Varias,"17,5",15:10,10,"1,4","11,4",15:20,"3,4","944,7",Varias,"938,0",03,75,100,10:00,53,13:20,3196,Cuatro Vientos
2022-04-29,3196,"MADRID, CUATRO VIENTOS",MADRID,690,"15,9","0,0","8,8",03:30,"23,0",Varias,08,"2,2","6,7",11:30,"11,5","946,4",09,"942,9",18,54,90,04:00,28,16:50,3196,Cuatro Vientos
2022-04-30,3196,"MADRID, CUATRO VIENTOS",MADRID,690,"17,6","0,0","11,5",05:30,"23,6",16:00,07,"1,7","8,9",13:50,"6,3","944,1",00,"940,3",Varias,58,86,06:00,40,Varias,3196,Cuatro Vientos
2022-05-01,3196,"MADRID, CUATRO VIENTOS",MADRID,690,"18,6","0,0","12,5",05:30,"24,6",Varias,23,"3,6","9,7",16:20,"10,5","941,4",00,"934,9",24,49,84,03:00,32,14:45,3196,Cuatro Vientos
2022-05-02,3196,"MADRID, CUATRO VIENTOS",MADRID,690,"14,8","11,7","10,9",05:10,"18,7",11:30,34,"1,7","8,3",12:40,"4,9","934,9",00,"930,8",16,77,93,14:00,56,00:00,3196,Cuatro Vientos
2022-05-03,3196,"MADRID, CUATRO VIENTOS",MADRID,690,"13,8","6,9","11,1",04:00,"16,5",Varias,03,"3,9","12,5",12:50,"3,0","936,8",23,"931,4",02,77,94,18:15,56,15:15,3196,Cuatro Vientos
2022-05-04,3196,"MADRID, CUATRO VIENTOS",MADRID,690,"15,2","0,0","10,0",05:30,"20,3",15:30,03,"3,1","10,3",02:40,"7,8","941,2",24,"935,8",02,58,80,06:00,43,Varias,3196,Cuatro Vientos
2022-05-05,3196,"MADRID, CUATRO VIENTOS",MADRID,690,"16,7","0,0","10,4",Varias,"23,0",Varias,21,"2,2","6,7",11:50,"12,7","943,6",23,"940,5",15,51,80,04:00,32,Varias,3196,Cuatro Vientos
2022-05-06,3196,"MADRID, CUATRO VIENTOS",MADRID,690,"17,0","0,0","10,3",04:10,"23,7",Varias,06,"1,7","9,7",22:30,"13,0","943,9",06,"940,6",18,44,64,06:00,24,18:15,3196,Cuatro Vientos
2022-05-07,3196,"MADRID, CUATRO VIENTOS",MADRID,690,"17,4","0,0","10,3",05:45,"24,5",16:45,05,"1,9","9,7",00:20,"12,6","943,3",00,"939,4",18,44,71,06:00,34,Varias,3196,Cuatro Vientos
2022-05-08,3196,"MADRID, CUATRO VIENTOS",MADRID,690,"19,0","0,0","11,6",05:45,"26,4",16:50,99,"1,7","5,3",Varias,"13,0","941,8",08,"938,4",Varias,45,65,Varias,34,17:00,3196,Cuatro Vientos
2022-05-09,3196,"MADRID, CUATRO VIENTOS",MADRID,690,"20,3","0,0","13,3",05:40,"27,3",Varias,08,"1,7","8,3",23:40,"12,9","942,8",09,"939,9",17,46,60,06:00,31,17:20,3196,Cuatro Vientos
2022-05-10,3196,"MADRID, CUATRO VIENTOS",MADRID,690,"21,2","0,0","13,8",05:15,"28,5",16:20,08,"1,9","6,1",00:30,"13,0","943,9",09,"940,0",18,49,69,04:00,37,Varias,3196,Cuatro Vientos
2022-05-11,3196,"MADRID, CUATRO VIENTOS",MADRID,690,"22,1","0,0","15,2",04:45,"29,0",15:20,14,"2,2","7,8",20:50,"12,3","941,2",09,"937,6",Varias,47,66,05:00,31,15:50,3196,Cuatro Vientos
2022-05-12,3196,"MADRID, CUATRO VIENTOS",MADRID,690,"21,7","0,0","16,4",05:45,"27,0",15:30,10,"2,2","8,9",08:00,"10,3","941,4",24,"938,9",15,45,55,06:00,36,16:00,3196,Cuatro Vientos
2022-05-13,3196,"MADRID, CUATRO VIENTOS",MADRID,690,"21,8","0,0","14,5",05:00,"29,2",Varias,22,"2,5","8,3",13:50,"12,5","942,8",Varias,"939,6",Varias,41,66,06:00,25,18:00,3196,Cuatro Vientos
2022-05-14,3196,"MADRID, CUATRO VIENTOS",MADRID,690,"23,2","0,6","17,4",Varias,"29,0",15:30,14,"1,9","10,3",17:10,"8,3","940,1",10,"935,1",18,48,64,23:59,35,Varias,3196,Cuatro Vientos
2022-05-15,3196,"MADRID, CUATRO VIENTOS",MADRID,690,"19,2","0,0","14,0",04:20,"24,5",14:15,22,"4,2","11,9",15:10,"11,1","940,1",Varias,"935,9",01,52,80,06:00,41,16:00,3196,Cuatro Vientos
2022-05-16,3196,"MADRID, CUATRO VIENTOS",MADRID,690,"19,6","0,0","12,8",05:40,"26,4",Varias,99,"2,5","10,3",Varias,"12,7","942,4",11,"939,9",Varias,48,75,04:00,32,17:00,3196,Cuatro Vientos
2022-05-17,3196,"MADRID, CUATRO VIENTOS",MADRID,690,"21,2","0,0","14,0",05:40,"28,5",Varias,21,"1,7","8,9",11:50,"12,5","942,9",09,"940,1",17,46,73,06:00,30,12:00,3196,Cuatro Vientos
2022-05-18,3196,"MADRID, CUATRO VIENTOS",MADRID,690,"24,0","0,0","15,9",04:50,"32,1",15:10,23,"1,9","8,3",14:50,"11,5","940,5",00,"936,8",18,42,74,04:15,23,15:10,3196,Cuatro Vientos
2022-05-19,3196,"MADRID, CUATRO VIENTOS",MADRID,690,"26,2","0,0","18,3",04:30,"34,1",15:10,11,"4,2","12,5",18:50,"10,8","941,7",24,"937,5",17,36,60,Varias,22,17:00,3196,Cuatro Vientos
2022-05-20,3196,"MADRID, CUATRO VIENTOS",MADRID,690,"27,0","0,0","19,9",05:45,"34,2",15:10,09,"3,3","10,3",20:10,"6,8","943,9",07,"940,4",18,35,49,06:00,26,16:00,3196,Cuatro Vientos
2022-05-21,3196,"MADRID, CUATRO VIENTOS",MADRID,690,"26,1","0,0","19,0",05:45,"33,2",14:50,22,"1,7","15,0",18:40,"7,2","942,6",00,"935,9",24,38,58,06:00,24,15:00,3196,Cuatro Vientos
2022-05-22,3196,"MADRID, CUATRO VIENTOS",MADRID,690,"22,0","0,0","15,9",23:59,"28,0",14:30,26,"5,6","12,8",16:10,"8,7","936,5",05,"933,4",15,48,81,Varias,39,00:00,3196,Cuatro Vientos
2022-05-23,3196,"MADRID, CUATRO VIENTOS",MADRID,690,"20,8","0,0","14,2",04:10,"27,5",13:50,26,"4,7","9,7",14:40,"11,0","934,5",00,"930,9",17,48,81,00:00,37,14:00,3196,Cuatro Vientos
2022-05-24,3196,"MADRID, CUATRO VIENTOS",MADRID,690,"17,4","0,0","12,6",23:59,"22,2",11:15,31,"4,4","12,8",15:30,"7,5","937,6",24,"931,1",12,43,71,06:00,30,18:00,3196,Cuatro Vientos
2022-05-25,3196,"MADRID, CUATRO VIENTOS",MADRID,690,"15,0","0,0","7,5",04:30,"22,5",15:10,36,"2,5","11,9",09:00,"13,4","944,8",24,"937,6",Varias,42,71,06:00,31,16:00,3196,Cuatro Vientos
2022-05-26,3196,"MADRID, CUATRO VIENTOS",MADRID,690,"19,2","0,0","10,7",06:00,"27,6",15:10,99,"2,5","9,2",Varias,"13,4","945,1",09,"941,1",17,41,62,06:30,29,15:00,3196,Cuatro Vientos
2022-05-27,3196,"MADRID, CUATRO VIENTOS",MADRID,690,"22,9","0,0","13,7",04:50,"32,1",15:50,99,"2,2","7,2",Varias,"13,3","943,0",00,"937,8",17,32,55,Varias,19,15:00,3196,Cuatro Vientos
2022-05-28,3196,"MADRID, CUATRO VIENTOS",MADRID,690,"25,0","0,0","17,3",05:30,"32,8",15:30,23,"2,2","8,3",14:40,"13,4","939,1",00,"931,5",24,32,51,06:00,19,16:00,3196,Cuatro Vientos
2022-05-29,3196,"MADRID, CUATRO VIENTOS",MADRID,690,"23,8","0,0","16,5",05:15,"31,0",14:45,99,"4,2","10,8",Varias,"12,6","931,6",00,"927,0",Varias,33,57,06:00,25,Varias,3196,Cuatro Vientos
2022-05-30,3196,"MADRID, CUATRO VIENTOS",MADRID,690,"18,8","0,0","14,3",05:40,"23,3",15:30,22,"6,7","10,8",15:30,"9,6","934,4",23,"928,7",02,52,75,06:00,37,00:00,3196,Cuatro Vientos
2022-05-31,3196,"MADRID, CUATRO VIENTOS",MADRID,690,"22,0","0,0","13,2",04:30,"30,7",15:30,23,"2,5","10,8",15:30,"13,3","936,2",08,"932,9",17,37,72,Varias,21,Varias,3196,Cuatro Vientos
2022-06-01,3196,"MADRID, CUATRO VIENTOS",MADRID,690,"22,4","0,0","15,8",05:10,"29,0",Varias,22,"4,7","11,4",Varias,"13,1","937,3",Varias,"934,5",17,37,52,23:59,32,00:00,3196,Cuatro Vientos
2022-06-02,3196,"MADRID, CUATRO VIENTOS",MADRID,690,"22,6","0,0","16,6",04:20,"28,5",Varias,22,"3,6","10,3",10:30,"9,1","936,2",11,"933,9",17,49,70,07:00,32,15:00,3196,Cuatro Vientos
2022-06-03,3196,"MADRID, CUATRO VIENTOS",MADRID,690,"21,6","0,0","15,6",06:15,"27,7",14:15,22,"3,9","11,4",12:50,"12,5","935,9",10,"934,0",02,43,66,07:05,31,Varias,3196,Cuatro Vientos
2022-06-04,3196,"MADRID, CUATRO VIENTOS",MADRID,690,"20,8","0,0","14,2",05:30,"27,4",14:20,23,"5,0","12,5",14:40,"13,4","939,9",24,"935,4",01,40,63,06:00,31,13:00,3196,Cuatro Vientos
2022-06-05,3196,"MADRID, CUATRO VIENTOS",MADRID,690,"21,8","0,0","14,1",05:15,"29,5",16:20,19,"3,3","8,3",15:00,"13,5","942,3",10,"939,7",18,39,65,06:00,24,17:00,3196,Cuatro Vientos
2022-06-06,3196,"MADRID, CUATRO VIENTOS",MADRID,690,"24,5","0,0","17,0",05:15,"32,0",15:20,23,"3,1","11,4",10:40,"12,6","941,3",Varias,"938,9",Varias,33,58,06:00,17,15:00,3196,Cuatro Vientos
2022-06-07,3196,"MADRID, CUATRO VIENTOS",MADRID,690,"25,2","0,0","17,8",04:10,"32,5",15:10,22,"3,3","11,9",16:00,"13,2","941,2",07,"936,4",18,36,69,06:30,24,Varias,3196,Cuatro Vientos
2022-06-08,3196,"MADRID, CUATRO VIENTOS",MADRID,690,"23,6","0,0","18,7",05:30,"28,4",15:20,28,"4,7","12,5",13:00,"10,4","940,3",23,"936,5",00,47,65,06:00,34,Varias,3196,Cuatro Vientos
2022-06-09,3196,"MADRID, CUATRO VIENTOS",MADRID,690,"25,6","0,0","17,2",05:10,"33,9",16:15,17,"2,2","10,3",14:20,"13,7","941,5",08,"938,3",17,40,69,05:00,27,Varias,3196,Cuatro Vientos
2022-06-10,3196,"MADRID, CUATRO VIENTOS",MADRID,690,"27,5","0,0","19,0",05:30,"36,0",Varias,09,"1,4","9,7",23:50,"13,4","942,4",07,"938,3",18,28,52,05:00,17,14:30,3196,Cuatro Vientos
2022-06-11,3196,"MADRID, CUATRO VIENTOS",MADRID,690,"30,1","0,0","22,5",05:30,"37,7",15:55,09,"3,6","10,8",22:20,"11,7","941,6",24,"938,1",19,33,52,Varias,21,Varias,3196,Cuatro Vientos
2022-06-12,3196,"MADRID, CUATRO VIENTOS",MADRID,690,"29,5","0,0","23,0",05:45,"36,0",16:15,12,"1,7","9,7",22:10,"10,0","942,3",06,"938,2",19,31,42,07:00,23,Varias,3196,Cuatro Vientos
2022-06-13,3196,"MADRID, CUATRO VIENTOS",MADRID,690,"30,0",Ip,"21,5",05:45,"38,6",15:30,21,"2,5","12,5",12:10,"10,7","940,6",09,"935,9",18,24,43,06:00,15,13:00,3196,Cuatro Vientos
2022-06-14,3196,"MADRID, CUATRO VIENTOS",MADRID,690,"31,6","0,0","23,8",Varias,"39,4",14:50,23,"4,4","10,8",16:40,"10,7","938,2",23,"935,6",Varias,25,41,06:00,16,Varias,3196,Cuatro Vientos
2022-06-15,3196,"MADRID, CUATRO VIENTOS",MADRID,690,"31,8","0,0","23,8",05:10,"39,9",14:10,08,"2,2","12,8",19:40,"7,5","939,7",08,"936,0",17,30,40,06:00,21,18:20,3196,Cuatro Vientos
2022-06-16,3196,"MADRID, CUATRO VIENTOS",MADRID,690,"32,6",Ip,"25,9",07:15,"39,3",15:45,21,"3,9","14,4",18:00,"7,3","942,7",21,"937,7",17,32,48,07:00,20,17:00,3196,Cuatro Vientos
2022-06-17,3196,"MADRID, CUATRO VIENTOS",MADRID,690,"30,9","0,0","21,8",05:30,"40,0",15:00,99,"4,7","12,8",Varias,"10,5","942,5",Varias,"938,2",17,30,58,06:00,16,Varias,3196,Cuatro Vientos
2022-06-18,3196,"MADRID, CUATRO VIENTOS",MADRID,690,"31,8",Ip,"24,3",04:30,"39,3",13:40,17,"4,2","13,3",15:30,"11,3","939,5",00,"930,2",19,27,37,06:30,18,12:00,3196,Cuatro Vientos
2022-06-19,3196,"MADRID, CUATRO VIENTOS",MADRID,690,"22,1","0,0","16,2",05:10,"28,0",15:30,21,"5,0","12,5",10:30,"13,2","934,3",10,"931,8",17,48,61,06:00,30,00:00,3196,Cuatro Vientos
2022-06-20,3196,"MADRID, CUATRO VIENTOS",MADRID,690,"22,5","0,0","17,5",Varias,"27,5",13:50,23,"4,4","14,4",13:40,"8,6","934,9",24,"932,0",04,43,66,06:00,33,19:00,3196,Cuatro Vientos
2022-06-21,3196,"MADRID, CUATRO VIENTOS",MADRID,690,"20,7","0,0","13,2",05:30,"28,2",15:50,23,"4,7","10,3",17:40,"12,6","935,1",07,"929,4",17,36,64,06:00,20,Varias,3196,Cuatro Vientos
2022-06-22,3196,"MADRID, CUATRO VIENTOS",MADRID,690,"18,8","0,3","13,5",05:30,"24,1",14:15,99,"5,6","11,9",Varias,"13,0","935,0",23,"932,3",Varias,49,68,06:00,36,Varias,3196,Cuatro Vientos
2022-06-23,3196,"MADRID, CUATRO VIENTOS",MADRID,690,"19,6","0,0","14,5",04:20,"24,7",14:50,19,"6,7","14,4",15:10,"9,1","938,1",22,"934,0",01,54,95,Varias,32,16:40,3196,Cuatro Vientos
2022-06-24,3196,"MADRID, CUATRO VIENTOS",MADRID,690,"19,4","0,0","11,8",04:40,"27,1",15:30,23,"4,2","11,4",15:00,"13,4","938,5",08,"934,7",18,47,89,05:00,28,18:00,3196,Cuatro Vientos
2022-06-25,3196,"MADRID, CUATRO VIENTOS",MADRID,690,"21,1","0,0","14,5",Varias,"27,7",14:10,22,"4,4","13,9",14:40,"12,1","935,1",09,"932,0",Varias,40,66,06:00,30,Varias,3196,Cuatro Vientos
2022-06-26,3196,"MADRID, CUATRO VIENTOS",MADRID,690,"21,6","0,0","16,0",Varias,"27,2",Varias,21,"4,2","10,8",12:00,"12,3","933,4",Varias,"931,6",17,24,61,06:00,14,14:20,3196,Cuatro Vientos
2022-06-27,3196,"MADRID, CUATRO VIENTOS",MADRID,690,"22,2","0,0","15,8",Varias,"28,6",14:20,03,"2,5","8,9",22:20,"12,4","941,0",23,"933,1",01,40,61,06:00,30,Varias,3196,Cuatro Vientos
2022-06-28,3196,"MADRID, CUATRO VIENTOS",MADRID,690,"23,2","0,0","14,9",05:10,"31,6",16:20,18,"2,5","8,9",15:50,"13,5","940,9",06,"936,6",17,34,61,05:00,19,Varias,3196,Cuatro Vientos
2022-06-29,3196,"MADRID, CUATRO VIENTOS",MADRID,690,"25,0","0,0","17,7",05:45,"32,4",15:30,26,"4,4","13,3",15:10,"13,1","937,1",00,"932,2",17,24,42,Varias,16,17:00,3196,Cuatro Vientos
2022-06-30,3196,"MADRID, CUATRO VIENTOS",MADRID,690,"23,1","0,0","15,8",05:30,"30,4",14:40,23,"3,9","10,8",14:20,"12,5","937,5",24,"933,1",00,32,51,06:00,17,14:00,3196,Cuatro Vientos
2022-07-01,3196,"MADRID, CUATRO VIENTOS",MADRID,690,"23,8","0,0","14,5",05:00,"33,0",16:00,12,"1,9","11,4",23:30,"13,4","938,9",09,"935,6",18,35,69,23:59,21,15:00,3196,Cuatro Vientos
2022-07-02,3196,"MADRID, CUATRO VIENTOS",MADRID,690,"28,4","0,0","21,0",05:10,"35,8",Varias,12,"2,5","9,2",00:10,"12,3","939,8",09,"936,8",17,39,78,04:45,20,18:15,3196,Cuatro Vientos
2022-07-03,3196,"MADRID, CUATRO VIENTOS",MADRID,690,"28,6","0,0","22,2",04:15,"34,9",15:30,21,"4,2","13,3",15:30,"12,6","940,1",08,"936,6",17,39,60,Varias,28,16:00,3196,Cuatro Vientos
2022-07-04,3196,"MADRID, CUATRO VIENTOS",MADRID,690,"27,6","0,0","20,6",05:00,"34,7",14:50,21,"3,1","10,3",12:50,"13,3","939,6",08,"937,0",19,28,49,05:00,23,Varias,3196,Cuatro Vientos
2022-07-05,3196,"MADRID, CUATRO VIENTOS",MADRID,690,"28,8","0,0","20,8",04:30,"36,9",15:30,21,"4,7","12,5",12:10,"13,4","939,6",Varias,"935,6",18,25,49,06:00,13,Varias,3196,Cuatro Vientos
2022-07-06,3196,"MADRID, CUATRO VIENTOS",MADRID,690,"26,6",Ip,"20,2",23:59,"32,9",12:50,33,"3,1","13,9",13:20,"11,4","945,0",Varias,"938,0",00,39,73,Varias,23,00:00,3196,Cuatro Vientos
2022-07-07,3196,"MADRID, CUATRO VIENTOS",MADRID,690,"25,4","0,0","18,0",05:50,"32,9",16:30,05,"2,8","10,8",22:40,"13,6","945,7",08,"942,7",18,33,62,00:00,20,18:00,3196,Cuatro Vientos
2022-07-08,3196,"MADRID, CUATRO VIENTOS",MADRID,690,"27,2","0,0","19,4",05:30,"35,0",16:30,04,"2,2","8,9",01:40,"13,6","946,0",07,"941,5",18,32,52,06:00,19,Varias,3196,Cuatro Vientos
2022-07-09,3196,"MADRID, CUATRO VIENTOS",MADRID,690,"29,5","0,0","21,4",05:10,"37,6",Varias,20,"1,9","6,7",13:00,"13,4","944,5",08,"939,5",18,30,49,Varias,20,Varias,3196,Cuatro Vientos
2022-07-10,3196,"MADRID, CUATRO VIENTOS",MADRID,690,"31,3","0,0","23,6",05:30,"39,0",15:30,17,"2,2","9,2",13:50,"13,4","940,4",Varias,"935,2",17,26,47,06:00,18,Varias,3196,Cuatro Vientos
2022-07-11,3196,"MADRID, CUATRO VIENTOS",MADRID,690,"31,2","0,0","23,9",05:30,"38,6",17:30,09,"2,5","9,2",23:30,"10,0","938,6",Varias,"934,8",17,27,45,06:00,16,Varias,3196,Cuatro Vientos
2022-07-12,3196,"MADRID, CUATRO VIENTOS",MADRID,690,"32,0","0,0","25,2",05:30,"38,7",16:05,08,"1,9","9,7",00:10,"12,6","942,1",10,"938,6",00,25,38,06:00,17,Varias,3196,Cuatro Vientos
2022-07-13,3196,"MADRID, CUATRO VIENTOS",MADRID,690,"32,4","0,0","24,6",05:40,"40,1",15:30,16,"2,2","8,3",15:00,"11,9","943,1",Varias,"939,9",Varias,24,42,06:00,15,Varias,3196,Cuatro Vientos
2022-07-14,3196,"MADRID, CUATRO VIENTOS",MADRID,690,"34,4","0,0","27,4",06:00,"41,5",Varias,08,"3,1","9,7",20:10,"12,1","942,4",08,"937,2",17,21,35,06:10,14,Varias,3196,Cuatro Vientos
2022-07-15,3196,"MADRID, CUATRO VIENTOS",MADRID,690,"32,2","0,0","24,5",04:45,"40,0",Varias,15,"3,9","10,8",13:50,"12,6","939,8",00,"936,2",17,19,29,Varias,11,Varias,3196,Cuatro Vientos
2022-07-16,3196,"MADRID, CUATRO VIENTOS",MADRID,690,"32,9","0,0","25,7",05:55,"40,1",15:20,10,"2,8","9,2",14:40,"12,7","940,0",08,"937,0",17,22,36,06:15,13,Varias,3196,Cuatro Vientos
2022-07-17,3196,"MADRID, CUATRO VIENTOS",MADRID,690,"32,9","0,0","26,2",06:10,"39,6",Varias,12,"3,1","11,4",12:20,"12,6","941,4",09,"938,0",17,23,40,06:00,15,18:00,3196,Cuatro Vientos
2022-07-18,3196,"MADRID, CUATRO VIENTOS",MADRID,690,"32,0","0,0","24,3",05:45,"39,6",14:30,18,"4,2","10,8",18:40,"12,8","940,6",07,"935,4",18,22,44,05:50,12,15:00,3196,Cuatro Vientos
2022-07-19,3196,"MADRID, CUATRO VIENTOS",MADRID,690,"28,0","0,0","21,7",04:20,"34,2",15:10,99,"5,8","13,3",Varias,"12,7","940,0",10,"937,3",17,21,42,06:00,9,18:00,3196,Cuatro Vientos
2022-07-20,3196,"MADRID, CUATRO VIENTOS",MADRID,690,"28,9","0,0","20,3",05:10,"37,5",15:30,05,"1,9","7,8",13:30,"13,1","941,1",09,"938,3",17,25,49,06:00,15,17:15,3196,Cuatro Vientos
2022-07-21,3196,"MADRID, CUATRO VIENTOS",MADRID,690,"31,0","0,0","23,7",05:45,"38,3",Varias,99,"2,2","8,3",Varias,"13,2","941,4",07,"937,1",18,30,56,06:00,18,Varias,3196,Cuatro Vientos
2022-07-22,3196,"MADRID, CUATRO VIENTOS",MADRID,690,"31,0","0,0","24,1",04:50,"37,9",15:50,22,"4,2","12,8",13:00,"12,6","939,6",08,"936,9",18,28,52,06:00,15,16:00,3196,Cuatro Vientos
2022-07-23,3196,"MADRID, CUATRO VIENTOS",MADRID,690,"29,6","0,0","20,2",05:40,"38,9",14:20,22,"4,2","15,0",13:50,"13,2","940,2",09,"937,5",17,21,43,07:00,7,17:00,3196,Cuatro Vientos
2022-07-24,3196,"MADRID, CUATRO VIENTOS",MADRID,690,"30,2","0,0","21,0",05:30,"39,5",16:00,22,"5,3","15,0",16:30,"11,9","940,5",08,"937,6",16,22,32,07:00,14,18:00,3196,Cuatro Vientos
2022-07-25,3196,"MADRID, CUATRO VIENTOS",MADRID,690,"30,6","0,0","23,0",05:50,"38,2",15:10,23,"4,4","12,5",12:50,"12,5","939,8",07,"937,2",17,19,34,06:00,9,12:30,3196,Cuatro Vientos
2022-07-26,3196,"MADRID, CUATRO VIENTOS",MADRID,690,"29,2","0,0","21,8",05:50,"36,5",Varias,18,"3,1","12,8",15:50,"12,8","939,3",00,"934,5",18,33,55,06:00,20,14:00,3196,Cuatro Vientos
2022-07-27,3196,"MADRID, CUATRO VIENTOS",MADRID,690,"28,8","0,0","21,2",05:30,"36,5",16:05,99,"3,1","8,3",Varias,"12,9","936,5",00,"932,1",17,38,55,Varias,24,17:00,3196,Cuatro Vientos
2022-07-28,3196,"MADRID, CUATRO VIENTOS",MADRID,690,"29,2","0,0","22,6",05:50,"35,9",15:45,22,"3,9","11,9",14:50,"13,0","935,1",08,"932,3",17,26,46,06:00,15,15:00,3196,Cuatro Vientos
2022-07-29,3196,"MADRID, CUATRO VIENTOS",MADRID,690,"29,4","0,0","22,2",05:50,"36,7",16:00,17,"3,3","11,9",12:00,"13,0","938,1",24,"934,6",01,27,53,06:00,12,16:00,3196,Cuatro Vientos
2022-07-30,3196,"MADRID, CUATRO VIENTOS",MADRID,690,"29,6","7,7","21,3",16:45,"37,9",15:50,16,"2,2","16,1",16:20,"10,0","940,3",08,"936,1",16,51,73,17:00,28,15:00,3196,Cuatro Vientos
2022-07-31,3196,"MADRID, CUATRO VIENTOS",MADRID,690,"29,9","0,0","22,5",04:30,"37,3",15:40,05,"2,5","7,8",08:50,"13,2","940,4",07,"936,6",17,42,73,06:00,28,Varias,3196,Cuatro Vientos
2022-08-01,3196,"MADRID, CUATRO VIENTOS",MADRID,690,"31,4","0,0","24,1",05:30,"38,6",15:30,10,"1,9","8,3",11:50,"12,4","939,7",08,"936,0",18,33,56,06:00,20,Varias,3196,Cuatro Vientos
2022-08-02,3196,"MADRID, CUATRO VIENTOS",MADRID,690,"31,9",Ip,"25,0",05:20,"38,8",14:40,32,"2,8","12,5",21:10,"10,5","938,7",08,"934,5",17,35,53,Varias,19,16:15,3196,Cuatro Vientos
2022-08-03,3196,"MADRID, CUATRO VIENTOS",MADRID,690,"30,7","0,0","23,5",Varias,"37,9",Varias,17,"2,2","11,9",14:30,"12,4","937,1",08,"933,1",Varias,29,64,06:00,13,Varias,3196,Cuatro Vientos
2022-08-04,3196,"MADRID, CUATRO VIENTOS",MADRID,690,"30,8","0,0","24,4",Varias,"37,3",16:20,12,"3,6","12,8",19:10,"12,9","936,9",08,"933,1",18,29,48,Varias,17,15:00,3196,Cuatro Vientos
2022-08-05,3196,"MADRID, CUATRO VIENTOS",MADRID,690,"30,4","0,0","24,0",05:55,"36,9",15:50,12,"1,9","9,7",01:10,"12,7","938,1",Varias,"935,2",18,30,49,06:00,20,15:00,3196,Cuatro Vientos
2022-08-06,3196,"MADRID, CUATRO VIENTOS",MADRID,690,"30,2","0,0","24,0",05:50,"36,5",16:00,99,"2,8","9,7",Varias,"12,5","939,4",10,"935,8",18,30,48,06:00,19,Varias,3196,Cuatro Vientos
2022-08-07,3196,"MADRID, CUATRO VIENTOS",MADRID,690,"30,2","0,0","24,5",06:00,"36,0",14:50,17,"3,6","10,8",13:20,"13,1","938,3",08,"934,6",17,31,54,06:00,19,18:00,3196,Cuatro Vientos
2022-08-08,3196,"MADRID, CUATRO VIENTOS",MADRID,690,"29,3","0,0","22,0",05:30,"36,6",15:30,99,"2,5","7,8",Varias,"12,9","938,4",08,"935,6",18,29,50,Varias,17,Varias,3196,Cuatro Vientos
2022-08-09,3196,"MADRID, CUATRO VIENTOS",MADRID,690,"30,8","0,0","24,2",05:50,"37,4",16:20,26,"1,9","10,8",20:00,"12,2","939,9",08,"935,9",18,33,51,06:00,22,Varias,3196,Cuatro Vientos
2022-08-10,3196,"MADRID, CUATRO VIENTOS",MADRID,690,"31,1","0,0","25,2",06:00,"37,0",Varias,12,"3,1","12,5",22:10,"11,6","939,5",07,"934,2",Varias,33,53,06:00,22,Varias,3196,Cuatro Vientos
2022-08-11,3196,"MADRID, CUATRO VIENTOS",MADRID,690,"30,2","0,0","24,8",06:00,"35,6",14:40,20,"2,2","11,9",13:20,"11,3","938,2",08,"935,1",17,36,47,06:00,30,18:00,3196,Cuatro Vientos
2022-08-12,3196,"MADRID, CUATRO VIENTOS",MADRID,690,"29,9","0,0","22,9",05:50,"36,9",15:45,22,"2,5","12,8",15:10,"11,6","938,6",09,"935,3",18,32,54,06:00,21,15:00,3196,Cuatro Vientos
2022-08-13,3196,"MADRID, CUATRO VIENTOS",MADRID,690,"24,8",Ip,"20,0",23:59,"29,5",09:15,15,"4,7","17,5",13:20,"1,0","938,9",13,"934,9",02,42,68,23:59,35,00:00,3196,Cuatro Vientos
2022-08-14,3196,"MADRID, CUATRO VIENTOS",MADRID,690,"24,6","0,0","16,8",05:40,"32,5",Varias,22,"4,7","14,4",12:50,"11,8","935,7",00,"931,0",16,36,77,06:00,14,15:00,3196,Cuatro Vientos
2022-08-15,3196,"MADRID, CUATRO VIENTOS",MADRID,690,"25,2","0,0","18,7",05:20,"31,8",15:15,19,"3,3","10,3",11:50,"12,6","933,1",08,"929,7",18,32,55,06:00,17,15:20,3196,Cuatro Vientos
2022-08-16,3196,"MADRID, CUATRO VIENTOS",MADRID,690,"24,2","0,0","18,7",06:30,"29,6",15:15,23,"5,3","15,0",13:10,"11,7","933,3",23,"930,5",16,34,50,23:59,24,16:00,3196,Cuatro Vientos
2022-08-17,3196,"MADRID, CUATRO VIENTOS",MADRID,690,"21,9",Ip,"15,6",05:50,"28,2",13:30,01,"1,4","10,3",15:50,"11,8","937,0",24,"932,8",02,43,70,06:00,35,Varias,3196,Cuatro Vientos
2022-08-18,3196,"MADRID, CUATRO VIENTOS",MADRID,690,"22,3","0,0","15,2",05:10,"29,4",16:55,03,"2,5","7,2",01:40,"12,5","941,4",24,"936,9",01,42,69,05:00,28,Varias,3196,Cuatro Vientos
2022-08-19,3196,"MADRID, CUATRO VIENTOS",MADRID,690,"23,8","0,0","15,8",05:50,"31,7",Varias,08,"1,4","6,1",02:00,"12,6","942,7",09,"938,9",18,41,68,05:00,26,15:00,3196,Cuatro Vientos
2022-08-20,3196,"MADRID, CUATRO VIENTOS",MADRID,690,"26,9","0,0","19,0",05:50,"34,8",15:50,99,"2,8","8,3",Varias,"12,4","941,9",09,"938,1",18,28,58,06:00,15,Varias,3196,Cuatro Vientos
2022-08-21,3196,"MADRID, CUATRO VIENTOS",MADRID,690,"28,8","0,0","20,7",05:55,"37,0",15:30,99,"2,8","10,3",Varias,"12,2","939,7",07,"935,7",18,23,50,06:00,16,Varias,3196,Cuatro Vientos
2022-08-22,3196,"MADRID, CUATRO VIENTOS",MADRID,690,"28,4","0,0","21,5",05:20,"35,4",Varias,03,"1,9","9,7",21:10,"12,4","938,3",08,"934,1",18,36,50,06:00,28,17:30,3196,Cuatro Vientos
2022-08-23,3196,"MADRID, CUATRO VIENTOS",MADRID,690,"29,1","0,0","21,4",05:30,"36,8",16:05,17,"2,2","10,8",14:20,"12,4","937,3",08,"933,6",18,34,51,Varias,22,Varias,3196,Cuatro Vientos
2022-08-24,3196,"MADRID, CUATRO VIENTOS",MADRID,690,"29,8","0,0","23,4",05:45,"36,1",16:00,99,"3,3","8,9",Varias,"8,6","937,0",10,"933,8",16,37,62,06:00,21,17:00,3196,Cuatro Vientos
2022-08-25,3196,"MADRID, CUATRO VIENTOS",MADRID,690,"28,6","0,0","22,4",05:50,"34,7",13:55,99,"1,4","11,4",Varias,"11,0","938,5",24,"935,0",Varias,37,57,06:00,27,16:00,3196,Cuatro Vientos
2022-08-26,3196,"MADRID, CUATRO VIENTOS",MADRID,690,"26,6","0,0","20,2",06:00,"32,9",13:30,14,"2,5","11,4",20:40,"5,9","938,6",00,"932,8",18,51,77,06:30,36,17:00,3196,Cuatro Vientos
2022-08-27,3196,"MADRID, CUATRO VIENTOS",MADRID,690,"26,0","0,0","19,0",06:15,"32,9",15:15,10,"1,9","8,3",23:10,"9,0","936,1",00,"931,9",18,41,74,06:00,20,13:00,3196,Cuatro Vientos
2022-08-28,3196,"MADRID, CUATRO VIENTOS",MADRID,690,"28,0","2,7","21,4",06:00,"34,5",14:40,13,"2,2","11,4",22:50,"12,2","935,6",Varias,"932,6",18,44,67,07:00,29,17:00,3196,Cuatro Vientos
2022-08-29,3196,"MADRID, CUATRO VIENTOS",MADRID,690,"26,4",Ip,"19,2",06:25,"33,5",Varias,23,"4,7","12,8",14:50,"11,2","938,2",24,"935,2",02,52,88,07:30,32,15:00,3196,Cuatro Vientos
2022-08-30,3196,"MADRID, CUATRO VIENTOS",MADRID,690,"27,4","0,0","20,2",05:50,"34,5",16:05,21,"5,0","13,3",14:40,"11,5","940,7",09,"937,2",16,34,61,06:00,15,17:00,3196,Cuatro Vientos
2022-08-31,3196,"MADRID, CUATRO VIENTOS",MADRID,690,"25,4","0,0","19,2",06:00,"31,5",15:40,21,"4,2","11,9",12:40,"11,9","940,2",Varias,"936,8",17,31,51,06:00,20,Varias,3196,Cuatro Vientos
2022-09-01,3196,"MADRID, CUATRO VIENTOS",MADRID,690,"24,7","0,0","17,5",06:00,"31,9",Varias,23,"3,3","10,8",13:10,"10,3","937,8",00,"934,6",16,29,48,06:00,18,16:00,3196,Cuatro Vientos
2022-09-02,3196,"MADRID, CUATRO VIENTOS",MADRID,690,"24,0","0,0","18,0",06:20,"30,0",14:00,23,"4,7","11,4",16:40,"8,3","936,2",09,"933,1",18,37,62,07:00,17,14:30,3196,Cuatro Vientos
2022-09-03,3196,"MADRID, CUATRO VIENTOS",MADRID,690,"22,6","0,0","17,0",06:10,"28,1",15:50,20,"3,6","11,4",18:00,"10,4","936,5",24,"933,8",16,44,65,07:00,29,16:00,3196,Cuatro Vientos
2022-09-04,3196,"MADRID, CUATRO VIENTOS",MADRID,690,"21,6","0,0","14,0",06:00,"29,1",15:10,18,"3,1","11,4",13:10,"11,0","940,3",23,"936,5",00,36,66,06:10,22,16:10,3196,Cuatro Vientos
2022-09-05,3196,"MADRID, CUATRO VIENTOS",MADRID,690,"22,1","0,0","15,3",06:10,"28,9",14:50,23,"4,2","11,9",14:00,"11,2","941,9",10,"939,8",17,33,53,06:00,20,15:00,3196,Cuatro Vientos
2022-09-06,3196,"MADRID, CUATRO VIENTOS",MADRID,690,"21,8","0,0","15,0",Varias,"28,6",16:00,99,"4,4","13,9",Varias,"10,6","941,8",09,"938,2",Varias,46,72,06:00,29,Varias,3196,Cuatro Vientos
2022-09-07,3196,"MADRID, CUATRO VIENTOS",MADRID,690,"20,8","0,0","14,6",06:00,"27,0",14:40,23,"3,9","11,4",14:20,"8,1","939,9",09,"936,6",16,41,63,05:30,30,18:00,3196,Cuatro Vientos
2022-09-08,3196,"MADRID, CUATRO VIENTOS",MADRID,690,"23,8",Ip,"18,1",06:10,"29,6",14:45,18,"2,2","9,2",15:10,"8,2","939,6",24,"936,7",16,50,70,23:59,37,15:00,3196,Cuatro Vientos
2022-09-09,3196,"MADRID, CUATRO VIENTOS",MADRID,690,"25,3","0,0","19,2",Varias,"31,4",Varias,20,"2,8","8,3",13:20,"10,4","940,8",Varias,"938,2",Varias,45,78,05:00,34,Varias,3196,Cuatro Vientos
2022-09-10,3196,"MADRID, CUATRO VIENTOS",MADRID,690,"26,8","0,0","20,0",06:00,"33,6",14:30,23,"2,5","10,3",16:50,"11,1","941,0",09,"937,2",19,37,53,06:00,24,Varias,3196,Cuatro Vientos
2022-09-11,3196,"MADRID, CUATRO VIENTOS",MADRID,690,"27,4","0,0","20,0",Varias,"34,9",Varias,23,"1,7","8,9",15:10,"10,6","938,4",Varias,"933,6",18,36,58,06:00,17,14:30,3196,Cuatro Vientos
2022-09-12,3196,"MADRID, CUATRO VIENTOS",MADRID,690,"25,8","11,8","22,5",Varias,"29,0",11:10,99,"4,2","16,4",Varias,"2,3","934,8",Varias,"931,0",24,47,59,06:00,33,18:00,3196,Cuatro Vientos
2022-09-13,3196,"MADRID, CUATRO VIENTOS",MADRID,690,"20,9","0,4","16,3",23:59,"25,5",16:30,22,"6,1","24,2",01:50,"6,2","933,3",03,"929,7",17,69,96,Varias,43,00:00,3196,Cuatro Vientos
2022-09-14,3196,"MADRID, CUATRO VIENTOS",MADRID,690,"19,6","0,5","14,7",06:10,"24,5",16:10,23,"3,6","11,4",14:00,"9,0","935,9",23,"932,5",03,67,95,Varias,50,13:00,3196,Cuatro Vientos
2022-09-15,3196,"MADRID, CUATRO VIENTOS",MADRID,690,"21,0","3,0","16,4",08:00,"25,7",15:30,99,"1,9","8,3",Varias,"6,1","937,3",Varias,"935,0",16,70,95,23:59,47,16:00,3196,Cuatro Vientos
2022-09-16,3196,"MADRID, CUATRO VIENTOS",MADRID,690,"21,8","0,0","15,8",Varias,"27,8",15:55,23,"1,7","5,6",15:10,"10,2","937,5",09,"934,2",16,69,95,Varias,33,15:00,3196,Cuatro Vientos
2022-09-17,3196,"MADRID, CUATRO VIENTOS",MADRID,690,"22,2","0,0","15,0",06:30,"29,4",15:30,03,"1,4","6,7",08:00,"10,1","936,6",09,"933,4",Varias,50,77,05:00,34,13:00,3196,Cuatro Vientos
2022-09-18,3196,"MADRID, CUATRO VIENTOS",MADRID,690,"24,2","0,0","18,3",Varias,"30,0",16:10,08,"2,2","8,9",12:10,"9,7","937,9",10,"934,8",16,55,70,07:00,40,16:00,3196,Cuatro Vientos
2022-09-19,3196,"MADRID, CUATRO VIENTOS",MADRID,690,"23,0","6,7","17,6",Varias,"28,5",16:30,31,"1,7","10,3",23:30,"4,3","939,8",23,"936,5",16,60,99,23:59,42,16:00,3196,Cuatro Vientos
2022-09-20,3196,"MADRID, CUATRO VIENTOS",MADRID,690,"22,2","0,0","15,5",Varias,"28,9",14:45,22,"1,4","15,6",00:20,"9,7","940,6",Varias,"937,7",17,65,100,02:00,45,15:00,3196,Cuatro Vientos
2022-09-21,3196,"MADRID, CUATRO VIENTOS",MADRID,690,"23,2","0,0","16,5",06:00,"29,8",Varias,12,"1,7","11,4",15:50,"9,2","939,6",10,"936,6",15,50,90,04:00,29,13:00,3196,Cuatro Vientos
2022-09-22,3196,"MADRID, CUATRO VIENTOS",MADRID,690,"22,8","0,0","16,0",05:30,"29,5",14:20,21,"2,2","8,3",13:10,"8,4","940,0",09,"937,1",16,54,87,05:00,34,16:00,3196,Cuatro Vientos
2022-09-23,3196,"MADRID, CUATRO VIENTOS",MADRID,690,"22,1","0,0","16,2",06:00,"28,0",13:45,26,"3,1","10,3",14:30,"10,1","939,5",09,"935,6",Varias,45,88,Varias,24,Varias,3196,Cuatro Vientos
2022-09-24,3196,"MADRID, CUATRO VIENTOS",MADRID,690,"20,4","0,0","14,8",23:59,"26,0",Varias,26,"2,2","10,3",14:30,"9,2","935,6",00,"932,7",15,44,60,06:00,29,16:00,3196,Cuatro Vientos
2022-09-25,3196,"MADRID, CUATRO VIENTOS",MADRID,690,"16,5","0,0","12,0",05:00,"21,0",Varias,03,"3,1","12,5",21:40,"6,4","935,7",08,"932,0",16,44,63,04:15,31,15:45,3196,Cuatro Vientos
2022-09-26,3196,"MADRID, CUATRO VIENTOS",MADRID,690,"17,7","0,0","12,0",Varias,"23,4",14:30,04,"3,1","8,9",01:30,"9,8","937,8",22,"934,5",04,58,76,23:00,43,14:00,3196,Cuatro Vientos
2022-09-27,3196,"MADRID, CUATRO VIENTOS",MADRID,690,"17,0","0,0","10,0",05:00,"24,0",15:15,27,"1,9","9,7",11:30,"10,4","938,5",21,"936,6",15,46,82,06:01,30,15:00,3196,Cuatro Vientos
2022-09-28,3196,"MADRID, CUATRO VIENTOS",MADRID,690,"17,8","0,0","12,0",06:30,"23,5",Varias,28,"3,3","11,4",16:40,"8,9","938,2",00,"932,6",24,53,69,06:10,38,16:10,3196,Cuatro Vientos
2022-09-29,3196,"MADRID, CUATRO VIENTOS",MADRID,690,"13,5","0,3","10,3",21:00,"16,7",12:40,23,"5,3","10,3",13:10,"0,5","932,6",00,"928,5",15,72,87,14:00,55,Varias,3196,Cuatro Vientos
2022-09-30,3196,"MADRID, CUATRO VIENTOS",MADRID,690,"15,0","0,0","8,6",04:00,"21,5",15:05,27,"1,7","9,7",12:20,"10,4","942,3",24,"932,5",00,48,74,07:00,29,14:20,3196,Cuatro Vientos
2022-10-01,3196,"MADRID, CUATRO VIENTOS",MADRID,690,"17,0","0,0","9,5",Varias,"24,5",15:50,17,"1,1","11,4",13:50,"9,9","947,6",Varias,"942,3",00,50,78,05:00,32,14:00,3196,Cuatro Vientos
2022-10-02,3196,"MADRID, CUATRO VIENTOS",MADRID,690,"19,8","0,0","11,0",06:30,"28,6",16:00,08,"1,4","6,1",Varias,"10,2","948,2",07,"943,2",Varias,42,72,06:00,23,Varias,3196,Cuatro Vientos
2022-10-03,3196,"MADRID, CUATRO VIENTOS",MADRID,690,"22,0","0,0","14,5",04:00,"29,4",14:50,26,"1,4","5,6",15:50,"6,8","944,0",01,"941,0",16,31,50,Varias,19,Varias,3196,Cuatro Vientos
2022-10-04,3196,"MADRID, CUATRO VIENTOS",MADRID,690,"22,2","0,0","14,0",06:10,"30,4",14:45,26,"1,1","5,3",19:20,"9,0","943,4",09,"941,0",16,39,60,07:00,23,15:00,3196,Cuatro Vientos
2022-10-05,3196,"MADRID, CUATRO VIENTOS",MADRID,690,"21,9","0,0","15,5",06:00,"28,3",15:50,09,"1,7","8,3",21:50,"8,7","945,4",24,"942,0",15,47,60,Varias,36,15:00,3196,Cuatro Vientos
2022-10-06,3196,"MADRID, CUATRO VIENTOS",MADRID,690,"21,2","0,0","16,0",06:00,"26,4",15:30,14,"1,9","8,3",21:50,"9,3","947,5",09,"943,8",17,55,85,05:30,32,Varias,3196,Cuatro Vientos
2022-10-07,3196,"MADRID, CUATRO VIENTOS",MADRID,690,"19,4","0,0","14,2",Varias,"24,6",16:30,10,"0,3","4,7",11:00,"8,9","945,8",00,"939,6",17,65,89,Varias,49,Varias,3196,Cuatro Vientos
2022-10-08,3196,"MADRID, CUATRO VIENTOS",MADRID,690,"20,2","0,0","13,6",07:00,"26,8",15:30,08,"1,7","7,8",21:30,"8,3","941,5",09,"937,5",16,56,86,06:30,32,15:00,3196,Cuatro Vientos
2022-10-09,3196,"MADRID, CUATRO VIENTOS",MADRID,690,"20,2","0,0","15,5",03:00,"25,0",16:00,08,"0,8","6,7",05:30,"7,0","940,0",08,"936,0",16,66,87,06:30,44,16:15,3196,Cuatro Vientos
2022-10-10,3196,"MADRID, CUATRO VIENTOS",MADRID,690,"18,0","2,0","14,5",Varias,"21,4",12:45,34,"2,2","8,9",15:20,"1,3","940,1",22,"936,5",04,84,99,08:00,65,14:00,3196,Cuatro Vientos
2022-10-11,3196,"MADRID, CUATRO VIENTOS",MADRID,690,"19,0","2,7","14,4",07:10,"23,5",14:05,03,"1,4","6,1",11:10,"3,9","941,8",22,"938,9",02,77,100,08:00,49,14:00,3196,Cuatro Vientos
2022-10-12,3196,"MADRID, CUATRO VIENTOS",MADRID,690,"18,0","0,0","12,0",06:20,"23,9",15:00,08,"1,4","5,3",09:50,"8,9","944,2",24,"941,1",16,70,98,Varias,39,15:20,3196,Cuatro Vientos
2022-10-13,3196,"MADRID, CUATRO VIENTOS",MADRID,690,"18,8","0,0","12,5",06:30,"25,2",13:20,21,"1,7","6,7",16:10,"8,7","946,5",09,"943,6",15,60,90,06:00,43,Varias,3196,Cuatro Vientos
2022-10-14,3196,"MADRID, CUATRO VIENTOS",MADRID,690,"20,0","0,0","12,5",05:50,"27,6",15:50,99,"1,7","6,7",Varias,"10,5","945,3",Varias,"940,3",24,56,85,06:00,37,15:00,3196,Cuatro Vientos
2022-10-15,3196,"MADRID, CUATRO VIENTOS",MADRID,690,"20,0","0,0","12,8",06:00,"27,3",13:10,22,"2,2","9,2",13:30,"10,1","940,3",00,"935,3",16,47,84,06:00,25,15:00,3196,Cuatro Vientos
2022-10-16,3196,"MADRID, CUATRO VIENTOS",MADRID,690,"19,3","0,8","12,5",06:40,"26,1",14:20,26,"1,9","9,2",23:59,"5,8","940,9",23,"937,3",00,60,84,07:00,42,14:00,3196,Cuatro Vientos
2022-10-17,3196,"MADRID, CUATRO VIENTOS",MADRID,690,"20,7","0,4","14,9",07:00,"26,5",14:30,26,"1,7","7,8",00:20,"7,5","944,4",23,"939,9",02,62,92,Varias,42,15:00,3196,Cuatro Vientos
2022-10-18,3196,"MADRID, CUATRO VIENTOS",MADRID,690,"22,1","0,0","14,8",07:00,"29,4",15:20,16,"2,2","9,2",13:20,"8,2","945,0",09,"942,0",24,56,87,07:00,37,Varias,3196,Cuatro Vientos
2022-10-19,3196,"MADRID, CUATRO VIENTOS",MADRID,690,"20,2","0,0","15,5",06:00,"25,0",15:00,18,"6,7","22,2",17:00,"2,5","942,0",00,"936,4",21,49,75,06:00,31,19:30,3196,Cuatro Vientos
2022-10-20,3196,"MADRID, CUATRO VIENTOS",MADRID,690,"17,4","4,0","13,7",16:00,"21,0",12:30,18,"6,9","17,5",12:20,"0,0","937,0",00,"934,5",06,78,98,23:00,53,00:00,3196,Cuatro Vientos
2022-10-21,3196,"MADRID, CUATRO VIENTOS",MADRID,690,"15,6","1,7","13,3",03:50,"17,9",14:10,22,"4,2","14,4",17:20,"0,7","938,4",22,"935,5",03,88,100,Varias,68,14:00,3196,Cuatro Vientos
2022-10-22,3196,"MADRID, CUATRO VIENTOS",MADRID,690,"17,0","4,0","11,4",06:00,"22,6",16:00,24,"5,6","22,2",17:30,"3,5","938,9",08,"933,0",17,79,100,Varias,50,16:00,3196,Cuatro Vientos
2022-10-23,3196,"MADRID, CUATRO VIENTOS",MADRID,690,"14,6","1,1","13,3",Varias,"15,9",08:30,22,"3,9","14,4",05:50,"0,9","939,1",24,"934,0",01,90,100,Varias,67,08:10,3196,Cuatro Vientos
2022-10-24,3196,"MADRID, CUATRO VIENTOS",MADRID,690,"14,5","0,0","11,6",04:15,"17,4",14:15,23,"0,8","3,6",10:50,"0,2","941,6",11,"938,3",03,84,100,Varias,69,14:00,3196,Cuatro Vientos
2022-10-25,3196,"MADRID, CUATRO VIENTOS",MADRID,690,"18,2","0,0","12,5",06:30,"24,0",14:30,23,"2,8","13,9",14:20,"7,1","940,0",00,"937,0",14,65,92,01:00,40,14:00,3196,Cuatro Vientos
2022-10-26,3196,"MADRID, CUATRO VIENTOS",MADRID,690,"19,2","0,0","14,0",04:05,"24,4",14:50,04,"1,7","6,7",20:30,"4,4","942,6",19,"939,6",03,59,100,Varias,37,13:00,3196,Cuatro Vientos
2022-10-27,3196,"MADRID, CUATRO VIENTOS",MADRID,690,"20,1","0,0","15,2",06:40,"25,0",12:10,35,"1,7","7,2",14:50,"5,3","944,3",Varias,"941,3",02,52,70,Varias,40,Varias,3196,Cuatro Vientos
2022-10-28,3196,"MADRID, CUATRO VIENTOS",MADRID,690,"19,4","0,0","14,3",07:00,"24,6",Varias,13,"1,7","5,6",23:50,"3,9","946,5",09,"942,5",24,49,70,Varias,33,13:00,3196,Cuatro Vientos
2022-10-29,3196,"MADRID, CUATRO VIENTOS",MADRID,690,"19,3","0,0","14,0",06:45,"24,6",Varias,11,"1,7","7,2",12:00,"8,1","942,9",09,"939,9",18,50,68,Varias,35,12:00,3196,Cuatro Vientos
2022-10-30,3196,"MADRID, CUATRO VIENTOS",MADRID,690,"17,0","0,0","12,3",23:59,"21,7",16:20,23,"1,4","5,6",12:20,"3,1","941,5",11,"939,5",03,65,90,23:59,53,00:00,3196,Cuatro Vientos
2022-10-31,3196,"MADRID, CUATRO VIENTOS",MADRID,690,"14,2","0,3","11,4",Varias,"17,0",13:40,18,"2,2","9,2",17:30,"0,0","942,7",Varias,"938,4",04,77,97,Varias,70,17:40,3196,Cuatro Vientos
2022-11-01,3196,"MADRID, CUATRO VIENTOS",MADRID,690,"16,8","0,0","12,5",02:45,"21,0",13:50,22,"1,1","7,2",16:10,"8,0","945,4",23,"942,6",01,73,95,Varias,50,15:00,3196,Cuatro Vientos
2022-11-02,3196,"MADRID, CUATRO VIENTOS",MADRID,690,"16,4","0,0","10,7",07:00,"22,0",Varias,18,"1,7","6,1",14:00,"7,7","945,8",09,"941,1",Varias,61,91,Varias,36,14:00,3196,Cuatro Vientos
2022-11-03,3196,"MADRID, CUATRO VIENTOS",MADRID,690,"14,8","1,5","11,2",23:59,"18,4",13:40,23,"6,9","13,3",12:30,"5,1","941,5",09,"938,8",16,75,100,Varias,35,12:15,3196,Cuatro Vientos
2022-11-04,3196,"MADRID, CUATRO VIENTOS",MADRID,690,"12,7","0,0","8,2",07:15,"17,2",Varias,28,"2,2","7,8",05:10,"9,6","944,1",22,"939,9",01,54,100,Varias,37,15:00,3196,Cuatro Vientos
2022-11-05,3196,"MADRID, CUATRO VIENTOS",MADRID,690,"11,1","0,0","4,4",06:40,"17,8",Varias,22,"0,3","4,7",13:50,"9,7","944,1",09,"941,0",16,58,81,06:30,30,Varias,3196,Cuatro Vientos
2022-11-06,3196,"MADRID, CUATRO VIENTOS",MADRID,690,"12,2","0,0","4,6",07:15,"19,8",15:20,20,"1,9","6,7",15:00,"9,4","941,7",Varias,"939,4",14,58,88,Varias,36,Varias,3196,Cuatro Vientos
2022-11-07,3196,"MADRID, CUATRO VIENTOS",MADRID,690,"12,7","0,0","6,4",05:40,"19,0",14:30,18,"0,8","7,8",14:20,"9,3","941,9",09,"938,1",16,66,90,23:59,37,15:00,3196,Cuatro Vientos
2022-11-08,3196,"MADRID, CUATRO VIENTOS",MADRID,690,"12,8","2,0","9,4",05:50,"16,2",14:00,23,"3,1","9,7",12:40,"0,2","938,8",09,"936,8",17,80,95,Varias,63,10:00,3196,Cuatro Vientos
2022-11-09,3196,"MADRID, CUATRO VIENTOS",MADRID,690,"12,4","0,0","8,9",23:59,"16,0",14:30,21,"2,8","8,3",03:10,"3,0","943,8",Varias,"937,6",01,92,99,Varias,60,14:15,3196,Cuatro Vientos
2022-11-10,3196,"MADRID, CUATRO VIENTOS",MADRID,690,"12,2","0,0","6,2",05:30,"18,1",Varias,35,"0,8","4,7",23:00,"9,7","946,2",10,"943,8",00,72,96,Varias,49,Varias,3196,Cuatro Vientos
2022-11-11,3196,"MADRID, CUATRO VIENTOS",MADRID,690,"12,0","2,9","7,5",Varias,"16,6",13:50,09,"2,2","9,2",14:50,"4,9","946,0",01,"942,9",17,72,91,Varias,48,13:00,3196,Cuatro Vientos
2022-11-12,3196,"MADRID, CUATRO VIENTOS",MADRID,690,"15,5","4,2","11,2",Varias,"19,8",14:50,10,"3,6","16,9",16:10,"4,3","944,4",00,"940,6",16,71,94,03:15,47,14:20,3196,Cuatro Vientos
2022-11-13,3196,"MADRID, CUATRO VIENTOS",MADRID,690,"14,6","0,0","10,5",03:15,"18,6",14:15,33,"1,1","4,2",01:30,"6,2","942,8",00,"939,5",16,76,98,23:00,57,14:00,3196,Cuatro Vientos
2022-11-14,3196,"MADRID, CUATRO VIENTOS",MADRID,690,"12,5","0,8","9,0",01:00,"16,0",15:00,23,"5,0","11,9",13:30,"0,6","940,9",10,"937,9",24,88,98,Varias,74,14:00,3196,Cuatro Vientos
2022-11-15,3196,"MADRID, CUATRO VIENTOS",MADRID,690,"13,8","6,7","11,5",00:00,"16,0",12:20,23,"7,8","16,4",12:20,"1,0","937,9",00,"932,0",Varias,85,99,Varias,65,13:00,3196,Cuatro Vientos
2022-11-16,3196,"MADRID, CUATRO VIENTOS",MADRID,690,"11,4","3,1","10,0",05:50,"12,9",Varias,23,"5,0","12,5",19:40,"0,2","934,2",10,"932,0",Varias,97,99,Varias,85,11:30,3196,Cuatro Vientos
2022-11-17,3196,"MADRID, CUATRO VIENTOS",MADRID,690,"13,8",Ip,"10,5",23:59,"17,2",Varias,22,"8,3","18,1",13:40,"2,8","933,0",22,"929,5",15,90,97,Varias,67,15:00,3196,Cuatro Vientos
2022-11-18,3196,"MADRID, CUATRO VIENTOS",MADRID,690,"10,0","0,2","6,8",23:59,"13,3",14:10,29,"5,0","16,1",11:50,"6,1","937,3",23,"932,0",03,62,95,Varias,33,14:00,3196,Cuatro Vientos
2022-11-19,3196,"MADRID, CUATRO VIENTOS",MADRID,690,"8,2","0,0","4,4",05:00,"12,0",14:00,30,"2,8","13,3",09:40,"6,8","942,1",21,"937,2",00,61,76,Varias,48,Varias,3196,Cuatro Vientos
2022-11-20,3196,"MADRID, CUATRO VIENTOS",MADRID,690,"10,9","0,0","5,0",06:30,"16,8",14:30,23,"4,2","11,9",22:40,"8,5","944,3",10,"941,2",04,79,99,23:59,60,14:00,3196,Cuatro Vientos
2022-11-21,3196,"MADRID, CUATRO VIENTOS",MADRID,690,"10,6","5,4","6,9",Varias,"14,4",15:20,27,"7,5","22,2",16:10,"0,5","941,5",00,"931,5",15,85,100,Varias,40,15:50,3196,Cuatro Vientos
2022-11-22,3196,"MADRID, CUATRO VIENTOS",MADRID,690,"8,4","0,6","4,5",04:10,"12,4",23:59,22,"6,1","15,6",Varias,"0,0","938,5",09,"933,7",Varias,88,97,Varias,62,Varias,3196,Cuatro Vientos
2022-11-23,3196,"MADRID, CUATRO VIENTOS",MADRID,690,"14,2","0,1","11,4",Varias,"16,9",14:05,21,"7,2","16,9",04:30,"4,2","939,5",24,"932,5",05,92,97,Varias,75,14:00,3196,Cuatro Vientos
2022-11-24,3196,"MADRID, CUATRO VIENTOS",MADRID,690,"11,5","6,3","8,5",08:00,"14,5",14:00,23,"3,1","9,7",17:30,"0,0","940,3",09,"937,4",16,92,99,Varias,78,11:45,3196,Cuatro Vientos
2022-11-25,3196,"MADRID, CUATRO VIENTOS",MADRID,690,"10,0","0,0","5,8",23:59,"14,3",Varias,30,"2,5","13,3",10:30,"9,0","950,0",23,"939,9",00,66,99,Varias,43,15:00,3196,Cuatro Vientos
2022-11-26,3196,"MADRID, CUATRO VIENTOS",MADRID,690,"8,7","0,0","3,4",06:30,"14,0",15:20,19,"1,1","5,3",14:40,"7,5","950,3",10,"947,5",24,70,91,00:00,49,14:00,3196,Cuatro Vientos
2022-11-27,3196,"MADRID, CUATRO VIENTOS",MADRID,690,"8,4","3,0","2,8",05:50,"14,0",14:20,26,"0,8","9,7",23:30,"6,7","947,5",00,"939,6",22,73,100,Varias,52,14:00,3196,Cuatro Vientos
2022-11-28,3196,"MADRID, CUATRO VIENTOS",MADRID,690,"8,8","0,0","5,2",03:30,"12,3",13:40,30,"5,3","13,3",14:40,"8,9","944,0",21,"940,3",02,59,100,00:00,47,Varias,3196,Cuatro Vientos
2022-11-29,3196,"MADRID, CUATRO VIENTOS",MADRID,690,"7,8","0,0","2,5",07:30,"13,0",13:50,28,"0,8","5,6",Varias,"8,1","943,6",00,"939,3",Varias,63,87,07:00,36,14:00,3196,Cuatro Vientos
2022-11-30,3196,"MADRID, CUATRO VIENTOS",MADRID,690,"8,0","0,0","3,5",04:20,"12,6",13:50,17,"0,6","5,3",14:00,"6,7","939,4",00,"934,8",15,70,100,Varias,45,Varias,3196,Cuatro Vientos
2022-12-01,3196,"MADRID, CUATRO VIENTOS",MADRID,690,"8,6","0,0","4,2",06:00,"13,0",14:20,05,"2,5","8,3",12:30,"8,8","936,2",10,"933,9",15,58,94,Varias,32,14:00,3196,Cuatro Vientos
2022-12-02,3196,"MADRID, CUATRO VIENTOS",MADRID,690,"6,8","0,0","3,2",06:20,"10,3",Varias,02,"1,1","5,6",00:10,"3,0","935,8",00,"930,9",24,72,87,23:59,59,Varias,3196,Cuatro Vientos
2022-12-03,3196,"MADRID, CUATRO VIENTOS",MADRID,690,"5,8","0,1","0,3",07:50,"11,4",13:10,22,"1,4","7,8",13:30,"2,0","930,9",00,"926,6",14,72,100,23:59,46,Varias,3196,Cuatro Vientos
2022-12-04,3196,"MADRID, CUATRO VIENTOS",MADRID,690,"5,3","0,8","2,6",05:50,"8,0",15:40,06,"0,8","4,2",11:10,"0,0","934,6",23,"927,5",01,90,100,Varias,87,Varias,3196,Cuatro Vientos
2022-12-05,3196,"MADRID, CUATRO VIENTOS",MADRID,690,"6,9","14,0","4,0",03:50,"9,8",17:40,99,"1,9","5,6",Varias,"0,0","934,9",09,"932,9",15,98,100,Varias,93,00:00,3196,Cuatro Vientos
2022-12-06,3196,"MADRID, CUATRO VIENTOS",MADRID,690,"10,2","0,0","8,9",Varias,"11,4",15:50,99,"0,8","3,6",Varias,"0,0","937,2",23,"934,1",01,96,98,08:00,87,16:00,3196,Cuatro Vientos
2022-12-07,3196,"MADRID, CUATRO VIENTOS",MADRID,690,"10,2","3,0","7,8",23:59,"12,6",16:05,09,"0,6","3,6",09:30,"1,3","936,7",00,"930,4",24,95,100,Varias,78,16:00,3196,Cuatro Vientos
2022-12-08,3196,"MADRID, CUATRO VIENTOS",MADRID,690,"10,2","16,1","7,5",Varias,"12,9",14:15,18,"3,3","9,7",16:40,"0,0","930,4",00,"921,9",15,95,99,Varias,92,15:00,3196,Cuatro Vientos
2022-12-09,3196,"MADRID, CUATRO VIENTOS",MADRID,690,"9,2","9,5","7,6",22:00,"10,8",14:00,26,"1,4","7,2",20:10,"0,0","924,6",24,"919,8",14,96,100,Varias,94,Varias,3196,Cuatro Vientos
2022-12-10,3196,"MADRID, CUATRO VIENTOS",MADRID,690,"10,2","7,8","6,7",08:30,"13,8",13:20,23,"3,6","9,7",21:30,"5,0","932,1",13,"924,6",00,86,100,Varias,64,14:00,3196,Cuatro Vientos
2022-12-11,3196,"MADRID, CUATRO VIENTOS",MADRID,690,"7,5","3,6","5,8",04:40,"9,2",23:00,23,"2,5","11,4",00:30,"0,0","931,0",Varias,"925,1",13,97,100,Varias,85,00:00,3196,Cuatro Vientos
2022-12-12,3196,"MADRID, CUATRO VIENTOS",MADRID,690,"11,1","18,6","7,8",05:30,"14,4",Varias,22,"5,3","16,4",12:30,"0,0","931,6",03,"925,0",16,98,100,Varias,96,Varias,3196,Cuatro Vientos
2022-12-13,3196,"MADRID, CUATRO VIENTOS",MADRID,690,"13,8","25,7","12,6",Varias,"15,1",Varias,23,"5,8","16,1",20:00,"0,0","928,5",Varias,"921,9",20,98,100,Varias,83,22:00,3196,Cuatro Vientos
2022-12-14,3196,"MADRID, CUATRO VIENTOS",MADRID,690,"11,4","21,2","9,4",23:59,"13,5",09:55,22,"3,1","9,2",03:30,"0,0","928,0",03,"920,9",19,95,97,Varias,84,10:00,3196,Cuatro Vientos
2022-12-15,3196,"MADRID, CUATRO VIENTOS",MADRID,690,"9,6","0,4","7,4",23:59,"11,8",13:30,21,"4,7","13,9",12:20,"2,6","926,4",Varias,"920,3",05,87,99,22:00,75,Varias,3196,Cuatro Vientos
2022-12-16,3196,"MADRID, CUATRO VIENTOS",MADRID,690,"7,6","1,1","4,6",05:50,"10,6",16:00,23,"1,4","8,3",Varias,"0,8","934,2",24,"926,2",01,87,100,Varias,74,14:00,3196,Cuatro Vientos
2022-12-17,3196,"MADRID, CUATRO VIENTOS",MADRID,690,"10,0","0,0","8,0",Varias,"12,0",13:20,09,"2,2","5,3",12:50,"1,3","943,4",23,"933,8",01,84,100,23:59,66,15:00,3196,Cuatro Vientos
2022-12-18,3196,"MADRID, CUATRO VIENTOS",MADRID,690,"9,1","0,0","6,0",Varias,"12,2",15:15,99,"1,4","3,6",Varias,"2,0","947,6",10,"943,3",00,91,100,Varias,64,15:00,3196,Cuatro Vientos
2022-12-19,3196,"MADRID, CUATRO VIENTOS",MADRID,690,"8,0","0,0","4,0",03:50,"12,1",15:20,36,"1,7","5,6",17:30,"3,8","947,9",09,"944,8",23,85,100,Varias,66,14:00,3196,Cuatro Vientos
2022-12-20,3196,"MADRID, CUATRO VIENTOS",MADRID,690,"7,2","10,8","5,0",05:20,"9,4",Varias,08,"1,4","5,6",11:40,"0,5","944,9",00,"941,1",15,95,100,Varias,86,09:00,3196,Cuatro Vientos
2022-12-21,3196,"MADRID, CUATRO VIENTOS",MADRID,690,"10,3","0,0","6,8",00:10,"13,8",13:30,23,"5,6","11,9",13:10,"2,7","947,1",23,"943,7",05,91,100,Varias,80,Varias,3196,Cuatro Vientos
2022-12-22,3196,"MADRID, CUATRO VIENTOS",MADRID,690,"12,2","0,3","9,6",05:40,"14,9",13:20,24,"5,6","11,4",17:00,"4,5","948,7",Varias,"946,9",Varias,90,100,Varias,75,15:00,3196,Cuatro Vientos
2022-12-23,3196,"MADRID, CUATRO VIENTOS",MADRID,690,"10,8","0,3","9,9",Varias,"11,8",Varias,19,"2,8","7,8",10:00,"0,0","948,0",10,"945,1",24,92,100,23:59,81,16:00,3196,Cuatro Vientos
2022-12-24,3196,"MADRID, CUATRO VIENTOS",MADRID,690,"8,6","0,0","6,5",23:59,"10,7",13:20,17,"1,1","4,2",13:40,"0,0","945,1",00,"941,3",24,94,100,Varias,88,Varias,3196,Cuatro Vientos
2022-12-25,3196,"MADRID, CUATRO VIENTOS",MADRID,690,"11,0","0,0","6,0",Varias,"16,0",15:00,17,"2,5","7,2",13:10,"6,9","943,5",24,"940,3",15,83,100,Varias,65,13:00,3196,Cuatro Vientos
2022-12-26,3196,"MADRID, CUATRO VIENTOS",MADRID,690,"11,3","0,0","6,0",05:30,"16,6",15:30,17,"0,8","4,2",15:10,"8,3","950,0",22,"943,4",00,74,97,Varias,50,14:00,3196,Cuatro Vientos
2022-12-27,3196,"MADRID, CUATRO VIENTOS",MADRID,690,"10,1","0,0","4,6",08:30,"15,6",15:20,17,"0,8","4,2",15:00,"8,3","952,1",10,"948,7",24,79,97,06:00,59,15:00,3196,Cuatro Vientos
2022-12-28,3196,"MADRID, CUATRO VIENTOS",MADRID,690,"8,9","0,0","3,5",05:50,"14,3",Varias,99,"1,9","7,8",Varias,"8,4","948,7",00,"943,6",24,80,100,Varias,61,16:00,3196,Cuatro Vientos
2022-12-29,3196,"MADRID, CUATRO VIENTOS",MADRID,690,"9,6",Ip,"7,5",01:00,"11,6",16:00,23,"5,8","11,9",10:40,"1,3","944,0",10,"941,9",16,92,99,01:00,78,Varias,3196,Cuatro Vientos
2022-12-30,3196,"MADRID, CUATRO VIENTOS",MADRID,690,"10,0","0,0","6,4",23:59,"13,6",Varias,23,"5,3","15,0",01:10,"2,0","947,2",23,"941,8",04,73,84,19:00,68,12:00,3196,Cuatro Vientos
2022-12-31,3196,"MADRID, CUATRO VIENTOS",MADRID,690,"9,1","0,3","4,0",07:00,"14,2",14:50,35,"1,1","4,7",20:20,"8,2","947,4",09,"945,2",14,70,91,08:00,45,16:00,3196,Cuatro Vientos
